conversation_id,n_comments,s80,s90
9bytc6,44,0.5909090909090909,0.7954545454545454
9bz1j5,46,0.5869565217391305,0.782608695652174
9bzcrq,30,0.7,0.8666666666666667
9bzfjx,20,0.7,0.85
9bzh9g,42,0.7142857142857143,0.8571428571428571
9bziir,53,0.660377358490566,0.8490566037735849
9bzn13,25,0.72,0.88
9bzsuz,28,0.6785714285714286,0.8571428571428571
9bzvz0,58,0.6206896551724138,0.7758620689655172
9bzw6p,147,0.5986394557823129,0.7959183673469388
9c013p,32,0.59375,0.8125
9c0457,73,0.6438356164383562,0.8082191780821918
9c04m2,20,0.65,0.85
9c0gp0,28,0.6428571428571429,0.8214285714285714
9c0knf,56,0.5535714285714286,0.7678571428571429
9c0l4j,67,0.6865671641791045,0.8507462686567164
9c0qeh,30,0.7,0.8666666666666667
9c0vap,25,0.56,0.8
9c0x24,20,0.7,0.85
9c138o,167,0.6167664670658682,0.7844311377245509
9c13pc,41,0.5853658536585366,0.8048780487804879
9c16ez,87,0.6206896551724138,0.8275862068965517
9c1ck9,29,0.7241379310344828,0.8620689655172413
9c1dmr,28,0.7142857142857143,0.8571428571428571
9c1gfa,102,0.6176470588235294,0.7843137254901961
9c1gyv,33,0.6666666666666666,0.8484848484848485
9c1if6,58,0.6724137931034483,0.8103448275862069
9c1lfb,27,0.6296296296296297,0.8148148148148148
9c1t30,258,0.6395348837209303,0.813953488372093
9c1u7t,66,0.6363636363636364,0.8181818181818182
9c1uek,55,0.5818181818181818,0.7818181818181819
9c1w4r,20,0.5,0.75
9c1zba,30,0.6666666666666666,0.8
9c1zlf,20,0.7,0.85
9c243v,29,0.5862068965517241,0.7586206896551724
9c25cz,38,0.6052631578947368,0.8157894736842105
9c265i,23,0.6521739130434783,0.8260869565217391
9c2gfw,33,0.6363636363636364,0.8181818181818182
9c2k0h,45,0.6444444444444445,0.8222222222222222
9c2km8,52,0.6153846153846154,0.7884615384615384
9c2m70,130,0.6307692307692307,0.8153846153846154
9c2ptd,109,0.5412844036697247,0.7522935779816514
9c2qhd,314,0.5573248407643312,0.7707006369426752
9c2t1a,87,0.632183908045977,0.7931034482758621
9c2v22,26,0.6538461538461539,0.8461538461538461
9c2xn1,22,0.7272727272727273,0.8636363636363636
9c2y0m,61,0.6229508196721312,0.8032786885245902
9c2yv5,22,0.5909090909090909,0.8181818181818182
9c30cy,20,0.7,0.9
9c33l3,76,0.618421052631579,0.8157894736842105
9c343o,65,0.5538461538461539,0.8461538461538461
9c34vc,22,0.6818181818181818,0.8181818181818182
9c377d,117,0.6324786324786325,0.811965811965812
9c3brr,63,0.6190476190476191,0.8095238095238095
9c3cxb,102,0.6078431372549019,0.7941176470588235
9c3eav,29,0.5517241379310345,0.7586206896551724
9c3izk,39,0.6666666666666666,0.8205128205128205
9c3l6m,46,0.6521739130434783,0.8043478260869565
9c3ld1,138,0.5797101449275363,0.7971014492753623
9c3qts,58,0.6724137931034483,0.8448275862068966
9c3s8n,175,0.4971428571428571,0.7142857142857143
9c3vrx,32,0.5625,0.75
9c3wf3,44,0.6818181818181818,0.8636363636363636
9c45kn,76,0.5263157894736842,0.7631578947368421
9c45y5,41,0.6829268292682927,0.8780487804878049
9c46oc,58,0.6379310344827587,0.7758620689655172
9c4rgm,139,0.60431654676259,0.8057553956834532
9c4sah,47,0.5319148936170213,0.7659574468085106
9c4snh,200,0.61,0.81
9c4tb8,24,0.625,0.8333333333333334
9c4uly,766,0.5626631853785901,0.7806788511749347
9c4wc2,1214,0.5683690280065898,0.7792421746293245
9c5932,101,0.6138613861386139,0.8118811881188119
9c5d4l,27,0.5925925925925926,0.7777777777777778
9c63pm,22,0.5454545454545454,0.8181818181818182
9c64e0,79,0.6455696202531646,0.8227848101265823
9c66wh,92,0.6086956521739131,0.8152173913043478
9c6h6g,31,0.7096774193548387,0.8387096774193549
9c6i74,20,0.7,0.85
9c6lxz,107,0.5700934579439252,0.794392523364486
9c6mc1,22,0.6818181818181818,0.8636363636363636
9c6sva,27,0.7037037037037037,0.8518518518518519
9c6t38,25,0.72,0.88
9c6yb5,131,0.5725190839694656,0.7862595419847328
9c71v0,34,0.6470588235294118,0.7941176470588235
9c728e,20,0.65,0.8
9c73ys,31,0.6774193548387096,0.8387096774193549
9c77yj,27,0.6666666666666666,0.8518518518518519
9c78gq,27,0.6296296296296297,0.8518518518518519
9c7fx0,26,0.6153846153846154,0.8076923076923077
9c7g4p,24,0.5833333333333334,0.8333333333333334
9c7kch,31,0.7096774193548387,0.8709677419354839
9c7kw6,25,0.72,0.88
9c7mop,35,0.5714285714285714,0.7428571428571429
9c7o1i,26,0.6153846153846154,0.8076923076923077
9c7u95,24,0.5416666666666666,0.7916666666666666
9c83al,20,0.65,0.8
9c898s,34,0.6176470588235294,0.7941176470588235
9c8a0o,35,0.6285714285714286,0.8
9c8e09,39,0.6153846153846154,0.7948717948717948
9c8ft8,51,0.4901960784313725,0.7647058823529411
9c8iec,41,0.6585365853658537,0.8048780487804879
9c8lbr,21,0.6190476190476191,0.8095238095238095
9c8pze,22,0.7727272727272727,0.8636363636363636
9c8scy,37,0.6756756756756757,0.8378378378378378
9c8za2,51,0.6470588235294118,0.8235294117647058
9c9a2p,21,0.7619047619047619,0.9047619047619048
9c9f0e,33,0.5454545454545454,0.8181818181818182
9c9fbg,20,0.65,0.85
9c9j0t,48,0.5833333333333334,0.75
9c9jg9,21,0.5238095238095238,0.6666666666666666
9c9tuq,54,0.6296296296296297,0.8333333333333334
9ca041,20,0.5,0.75
9ca22t,33,0.6666666666666666,0.8484848484848485
9ca9gd,22,0.6818181818181818,0.8636363636363636
9cabwv,76,0.5921052631578947,0.8157894736842105
9cacxz,32,0.6875,0.84375
9cadin,55,0.5636363636363636,0.7818181818181819
9cag1a,103,0.5242718446601942,0.7378640776699029
9cahpg,24,0.625,0.7916666666666666
9cal3b,36,0.6666666666666666,0.8055555555555556
9capgk,36,0.6388888888888888,0.8055555555555556
9capkr,20,0.7,0.85
9caq4m,22,0.7272727272727273,0.8636363636363636
9cau7l,30,0.6666666666666666,0.8333333333333334
9cazn3,49,0.6122448979591837,0.7959183673469388
9cb0gm,37,0.6486486486486487,0.8108108108108109
9cb1d1,26,0.5769230769230769,0.8076923076923077
9cb2ue,25,0.6,0.8
9cb4v6,33,0.6666666666666666,0.8787878787878788
9cb5lh,42,0.6428571428571429,0.7857142857142857
9cb8u6,50,0.58,0.78
9cbblf,27,0.7037037037037037,0.8518518518518519
9cbdu1,78,0.6538461538461539,0.8076923076923077
9cbegu,34,0.6764705882352942,0.8235294117647058
9cbf77,536,0.5615671641791045,0.789179104477612
9cbh1h,22,0.5909090909090909,0.8181818181818182
9cbh68,46,0.4565217391304347,0.6956521739130435
9cbkjx,23,0.7391304347826086,0.8695652173913043
9cbluk,188,0.601063829787234,0.7925531914893617
9cbp6k,35,0.7142857142857143,0.8571428571428571
9cbtyx,20,0.65,0.85
9cbzm2,21,0.5714285714285714,0.8095238095238095
9cc0z5,29,0.5862068965517241,0.7931034482758621
9cc54t,27,0.5925925925925926,0.8148148148148148
9cc77r,23,0.6521739130434783,0.8260869565217391
9cc7i4,77,0.6753246753246753,0.8441558441558441
9cc7tv,76,0.6447368421052632,0.8289473684210527
9cc8cf,26,0.5769230769230769,0.7692307692307693
9ccahp,31,0.5806451612903226,0.7741935483870968
9ccb4n,27,0.3703703703703703,0.7037037037037037
9ccei6,166,0.6566265060240963,0.8192771084337349
9cceyx,32,0.59375,0.8125
9ccgtz,62,0.5806451612903226,0.7903225806451613
9cckbw,24,0.5833333333333334,0.7916666666666666
9ccmxt,23,0.6521739130434783,0.8260869565217391
9ccob6,59,0.559322033898305,0.7627118644067796
9ccp2g,43,0.5581395348837209,0.7209302325581395
9ccppt,22,0.7272727272727273,0.9090909090909092
9ccsfh,42,0.5952380952380952,0.7857142857142857
9ccsxf,25,0.68,0.84
9cd2gy,180,0.5944444444444444,0.7944444444444444
9cd2vi,48,0.625,0.8125
9cd5s1,40,0.625,0.825
9cd77w,261,0.6053639846743295,0.7854406130268199
9cd7uv,92,0.6847826086956522,0.8369565217391305
9cd9f0,123,0.5772357723577236,0.7723577235772358
9cdbn8,142,0.6056338028169014,0.7746478873239436
9cdck2,26,0.6923076923076923,0.8076923076923077
9cdf43,30,0.6333333333333333,0.8333333333333334
9cdg95,84,0.5714285714285714,0.8095238095238095
9cdptj,45,0.7111111111111111,0.8444444444444444
9cdwdb,126,0.6031746031746031,0.8253968253968254
9cdwed,57,0.6491228070175439,0.8245614035087719
9ce0ct,29,0.6896551724137931,0.8620689655172413
9ce1gs,74,0.6351351351351351,0.8108108108108109
9ce2wv,39,0.6923076923076923,0.8461538461538461
9ce4fa,70,0.5571428571428572,0.8
9ce7gt,29,0.6551724137931034,0.7931034482758621
9cebv6,28,0.5714285714285714,0.8214285714285714
9cego7,264,0.6060606060606061,0.8068181818181818
9ceich,45,0.5555555555555556,0.8
9ceikf,36,0.6388888888888888,0.8333333333333334
9celf1,27,0.6296296296296297,0.8148148148148148
9ceqt3,39,0.5641025641025641,0.7948717948717948
9cf1p9,75,0.64,0.8133333333333334
9cfceu,29,0.5517241379310345,0.7931034482758621
9cfe8a,70,0.5857142857142857,0.7857142857142857
9cfg0k,52,0.5769230769230769,0.8076923076923077
9cfmql,22,0.6818181818181818,0.8181818181818182
9cfpd3,44,0.6590909090909091,0.7954545454545454
9cfske,21,0.6666666666666666,0.8571428571428571
9cfutd,29,0.5172413793103449,0.7241379310344828
9cfwap,54,0.6111111111111112,0.7777777777777778
9cfwi4,22,0.6818181818181818,0.8636363636363636
9cg6hl,31,0.6129032258064516,0.8064516129032258
9cg7lt,53,0.660377358490566,0.8301886792452831
9cge6p,22,0.5909090909090909,0.7727272727272727
9cge7h,45,0.6444444444444445,0.8444444444444444
9cgh69,86,0.5465116279069767,0.7325581395348837
9cgikt,33,0.6666666666666666,0.8484848484848485
9cgjoq,38,0.631578947368421,0.8421052631578947
9cgkyb,38,0.6578947368421053,0.8421052631578947
9cgqv4,28,0.5714285714285714,0.7857142857142857
9cgr4m,21,0.4285714285714285,0.7619047619047619
9cgrr0,40,0.625,0.825
9ch0hz,54,0.6481481481481481,0.8333333333333334
9ch9zr,32,0.65625,0.8125
9chauj,27,0.6666666666666666,0.8518518518518519
9chdls,20,0.5,0.75
9chex6,84,0.6309523809523809,0.7976190476190477
9chkuv,61,0.6885245901639344,0.8360655737704918
9chkys,25,0.72,0.88
9chvca,21,0.6666666666666666,0.8571428571428571
9chy0t,25,0.64,0.84
9ci2bd,21,0.6190476190476191,0.8571428571428571
9ci2kh,25,0.68,0.88
9ci8y0,89,0.6404494382022472,0.8314606741573034
9cia3d,59,0.6440677966101694,0.8135593220338984
9cia90,24,0.5416666666666666,0.75
9cirwl,24,0.75,0.875
9ciscz,36,0.6388888888888888,0.8333333333333334
9ciyo0,25,0.56,0.76
9cj6ed,69,0.6376811594202898,0.8405797101449275
9cjasd,41,0.6341463414634146,0.7560975609756098
9cjjbk,121,0.5785123966942148,0.7851239669421488
9cjn7a,375,0.5786666666666667,0.7813333333333333
9cjqfw,54,0.6296296296296297,0.7962962962962963
9cjqt2,26,0.6538461538461539,0.8461538461538461
9cjtkd,36,0.6388888888888888,0.8333333333333334
9cju3d,27,0.6666666666666666,0.8518518518518519
9cjup0,40,0.575,0.775
9cjvjq,239,0.6276150627615062,0.8075313807531381
9ck038,47,0.574468085106383,0.7659574468085106
9ck35x,23,0.6521739130434783,0.8260869565217391
9ck4fw,47,0.6595744680851063,0.851063829787234
9ck5sj,24,0.6666666666666666,0.875
9ck7wk,20,0.65,0.85
9ck9hs,29,0.6896551724137931,0.8275862068965517
9ckbkp,34,0.5,0.7647058823529411
9ckfnl,116,0.6896551724137931,0.853448275862069
9ckjy3,47,0.6595744680851063,0.7872340425531915
9ckkzs,71,0.4929577464788732,0.7746478873239436
9ckrta,21,0.6666666666666666,0.8571428571428571
9cky0y,25,0.64,0.84
9cl0x9,42,0.6428571428571429,0.8095238095238095
9cl2ru,66,0.6363636363636364,0.8181818181818182
9cl4bt,28,0.6428571428571429,0.8214285714285714
9cl4mg,30,0.6,0.7666666666666667
9cl5wd,108,0.6388888888888888,0.8240740740740741
9cl6bv,45,0.6222222222222222,0.8222222222222222
9cl6u3,23,0.5652173913043478,0.7391304347826086
9cl7z0,163,0.5950920245398773,0.803680981595092
9clb4f,23,0.5652173913043478,0.8260869565217391
9clbf7,667,0.5802098950524738,0.7871064467766117
9clck4,34,0.5294117647058824,0.7352941176470589
9clcsx,28,0.6428571428571429,0.8214285714285714
9clddx,30,0.5333333333333333,0.8
9clefh,22,0.5909090909090909,0.8636363636363636
9clesr,21,0.6666666666666666,0.8571428571428571
9clfho,23,0.6956521739130435,0.8260869565217391
9clhqo,27,0.6666666666666666,0.8888888888888888
9clnec,33,0.5757575757575758,0.7575757575757576
9clst6,43,0.627906976744186,0.7906976744186046
9clvth,23,0.5652173913043478,0.5652173913043478
9clwom,31,0.7096774193548387,0.8387096774193549
9clwu3,29,0.5172413793103449,0.7931034482758621
9cm1mt,53,0.5660377358490566,0.7547169811320755
9cm43y,23,0.6521739130434783,0.8260869565217391
9cma5u,21,0.6666666666666666,0.9047619047619048
9cmazx,924,0.5854978354978355,0.7932900432900433
9cmesv,64,0.640625,0.84375
9cmg3m,20,0.65,0.9
9cmjiv,28,0.5357142857142857,0.75
9cmjri,20,0.7,0.85
9cmkaq,25,0.56,0.8
9cml3e,24,0.625,0.8333333333333334
9cmmu5,55,0.6,0.8
9cmolz,50,0.68,0.82
9cmqch,21,0.7142857142857143,0.8571428571428571
9cmrq2,26,0.7692307692307693,0.8846153846153846
9cmvty,169,0.5976331360946746,0.7810650887573964
9cmwh9,20,0.55,0.8
9cmwko,37,0.5945945945945946,0.8108108108108109
9cn1b2,22,0.5454545454545454,0.8181818181818182
9cn4fi,46,0.6956521739130435,0.8260869565217391
9cn6vv,69,0.6376811594202898,0.8115942028985508
9cn7va,27,0.6666666666666666,0.8518518518518519
9cn88v,23,0.6521739130434783,0.8695652173913043
9cne9h,31,0.6451612903225806,0.8064516129032258
9cnefg,27,0.7037037037037037,0.8518518518518519
9cnngh,39,0.7692307692307693,0.8717948717948718
9cnu5n,43,0.627906976744186,0.7906976744186046
9cnvnj,59,0.576271186440678,0.7796610169491526
9cnwhg,37,0.6216216216216216,0.8108108108108109
9cnycc,41,0.5853658536585366,0.8048780487804879
9cnz5j,20,0.65,0.8
9co9od,31,0.6451612903225806,0.7741935483870968
9cod9a,21,0.3333333333333333,0.7619047619047619
9cogw6,40,0.625,0.85
9cohhe,31,0.6774193548387096,0.8387096774193549
9cohy8,33,0.6060606060606061,0.8181818181818182
9coznw,34,0.6176470588235294,0.7941176470588235
9cp6qx,25,0.56,0.76
9cp8zg,21,0.6666666666666666,0.8571428571428571
9cpl63,28,0.6785714285714286,0.8214285714285714
9cpus0,41,0.4878048780487805,0.7317073170731707
9cpzoy,20,0.7,0.85
9cq0su,217,0.5944700460829493,0.7880184331797235
9cq22d,38,0.6052631578947368,0.7894736842105263
9cq5gl,21,0.6190476190476191,0.8095238095238095
9cqarc,25,0.6,0.8
9cqbx4,97,0.5979381443298969,0.7938144329896907
9cqfbm,48,0.625,0.8125
9cqkvf,33,0.6666666666666666,0.8484848484848485
9cqrzv,33,0.5454545454545454,0.7575757575757576
9cqznz,48,0.6666666666666666,0.8541666666666666
9cr1zt,47,0.574468085106383,0.7659574468085106
9cr9c1,42,0.6190476190476191,0.8095238095238095
9crcrw,21,0.6666666666666666,0.8571428571428571
9crh9f,54,0.5925925925925926,0.7777777777777778
9crhr5,66,0.6818181818181818,0.8181818181818182
9crlos,20,0.6,0.85
9crpnp,44,0.6136363636363636,0.75
9crsqv,26,0.6923076923076923,0.8076923076923077
9cru5g,59,0.576271186440678,0.7627118644067796
9crw6h,25,0.64,0.8
9crxf0,20,0.7,0.85
9cs27p,146,0.6027397260273972,0.8013698630136986
9cs6u7,49,0.5918367346938775,0.7959183673469388
9cs8xt,78,0.6153846153846154,0.8076923076923077
9cs9zb,141,0.5886524822695035,0.7872340425531915
9cse77,25,0.72,0.88
9cshdn,47,0.7021276595744681,0.851063829787234
9csjyx,70,0.6714285714285714,0.8285714285714286
9csmyf,44,0.5681818181818182,0.7727272727272727
9cspev,67,0.373134328358209,0.7761194029850746
9csqao,24,0.625,0.8333333333333334
9csxfg,31,0.5483870967741935,0.7741935483870968
9cszl2,69,0.6086956521739131,0.7971014492753623
9ct1kl,20,0.7,0.85
9ctbvm,65,0.676923076923077,0.8153846153846154
9ctce6,56,0.5892857142857143,0.7857142857142857
9ctdsk,137,0.6423357664233577,0.8321167883211679
9ctgn4,36,0.6388888888888888,0.8055555555555556
9ctm0h,28,0.5714285714285714,0.7857142857142857
9ctqau,31,0.6129032258064516,0.8064516129032258
9ctw91,41,0.6341463414634146,0.8536585365853658
9cu1xv,31,0.6129032258064516,0.8387096774193549
9cu5je,44,0.7045454545454546,0.8636363636363636
9cu9ec,21,0.5238095238095238,0.7619047619047619
9cudi6,89,0.6292134831460674,0.7865168539325843
9cuegj,29,0.6206896551724138,0.7931034482758621
9cuh2y,20,0.65,0.8
9cuh5y,97,0.6082474226804123,0.7938144329896907
9cup0r,23,0.6956521739130435,0.9130434782608696
9cus6w,34,0.5882352941176471,0.7647058823529411
9cuxhz,32,0.46875,0.75
9cuy5u,64,0.609375,0.796875
9cv0ut,136,0.5882352941176471,0.8014705882352942
9cv18m,23,0.6086956521739131,0.782608695652174
9cv2zd,45,0.6444444444444445,0.8444444444444444
9cv36z,170,0.5941176470588235,0.8
9cvbz2,32,0.65625,0.8125
9cvgh2,48,0.6458333333333334,0.8541666666666666
9cvmt5,26,0.6538461538461539,0.8461538461538461
9cvnk1,78,0.6153846153846154,0.8076923076923077
9cvp42,24,0.6666666666666666,0.7916666666666666
9cvq4z,25,0.68,0.84
9cvqbi,72,0.6388888888888888,0.8333333333333334
9cvs4v,25,0.72,0.84
9cvvf7,23,0.6086956521739131,0.8695652173913043
9cw11m,29,0.5862068965517241,0.7931034482758621
9cw19c,23,0.6956521739130435,0.8695652173913043
9cw1uy,30,0.7,0.8666666666666667
9cw5q4,65,0.6615384615384615,0.8307692307692308
9cw61w,23,0.6521739130434783,0.8695652173913043
9cw6pd,34,0.5882352941176471,0.7647058823529411
9cw74y,25,0.6,0.76
9cwez9,39,0.5641025641025641,0.7948717948717948
9cwgot,97,0.6804123711340206,0.8556701030927835
9cwicv,20,0.4,0.7
9cwsve,462,0.577922077922078,0.7705627705627706
9cwt61,67,0.6119402985074627,0.7910447761194029
9cwx1h,53,0.5471698113207547,0.7547169811320755
9cwy4j,59,0.6440677966101694,0.7966101694915254
9cx3me,30,0.36666666666666664,0.7
9cx841,21,0.6190476190476191,0.8571428571428571
9cx8w0,84,0.6309523809523809,0.8214285714285714
9cxfic,772,0.6101036269430051,0.805699481865285
9cxfrv,54,0.6296296296296297,0.8518518518518519
9cxge6,29,0.6206896551724138,0.7931034482758621
9cxgui,30,0.5333333333333333,0.7666666666666667
9cxq3u,25,0.6,0.8
9cybux,167,0.5568862275449101,0.7425149700598802
9cyelo,194,0.5927835051546392,0.7835051546391752
9cyerw,50,0.64,0.8
9cygiy,34,0.5882352941176471,0.7647058823529411
9cyh2q,72,0.6944444444444444,0.8472222222222222
9cyhgv,28,0.6785714285714286,0.8214285714285714
9cyhq5,188,0.5531914893617021,0.7819148936170213
9cyip0,34,0.6470588235294118,0.8529411764705882
9cynsg,38,0.6842105263157895,0.8421052631578947
9cyo6c,22,0.6818181818181818,0.8181818181818182
9cz1ox,26,0.6153846153846154,0.8076923076923077
9cz8n4,23,0.6521739130434783,0.8260869565217391
9cz8tb,49,0.5510204081632653,0.7755102040816326
9czlug,324,0.5555555555555556,0.7746913580246914
9czmyi,25,0.68,0.84
9czn0z,40,0.675,0.825
9czqkl,34,0.5882352941176471,0.7647058823529411
9czqy8,74,0.6081081081081081,0.7972972972972973
9czrzg,24,0.6666666666666666,0.875
9czsos,21,0.6666666666666666,0.8571428571428571
9d02ws,22,0.6818181818181818,0.8636363636363636
9d07z8,43,0.6744186046511628,0.8372093023255814
9d0l62,38,0.6578947368421053,0.8157894736842105
9d0u9k,20,0.65,0.8
9d12rh,21,0.6666666666666666,0.8571428571428571
9d19q2,43,0.6046511627906976,0.7906976744186046
9d1bhk,29,0.6206896551724138,0.8275862068965517
9d1ef2,161,0.6211180124223602,0.782608695652174
9d1g2v,25,0.68,0.84
9d1lvm,38,0.6842105263157895,0.868421052631579
9d1lwc,24,0.7083333333333334,0.8333333333333334
9d1mtq,97,0.6082474226804123,0.7938144329896907
9d1ng1,69,0.6666666666666666,0.8260869565217391
9d1ud6,285,0.624561403508772,0.8140350877192982
9d1vw7,32,0.6875,0.84375
9d1x7s,57,0.6666666666666666,0.8070175438596491
9d1zqu,71,0.704225352112676,0.8450704225352113
9d212k,31,0.6451612903225806,0.8064516129032258
9d218m,28,0.6785714285714286,0.8571428571428571
9d2i1i,40,0.625,0.775
9d2qvt,25,0.6,0.8
9d2sl5,66,0.6818181818181818,0.8484848484848485
9d2wku,26,0.6538461538461539,0.8461538461538461
9d2xje,58,0.6379310344827587,0.8275862068965517
9d32iz,23,0.6956521739130435,0.8260869565217391
9d3p7k,44,0.6590909090909091,0.8181818181818182
9d3sof,54,0.6296296296296297,0.7962962962962963
9d3u2n,42,0.6428571428571429,0.8333333333333334
9d3wa8,23,0.6521739130434783,0.8695652173913043
9d3zeg,37,0.5675675675675675,0.7837837837837838
9d471x,25,0.68,0.88
9d4agn,44,0.6818181818181818,0.8409090909090909
9d4q17,24,0.6666666666666666,0.8333333333333334
9d4qvi,34,0.7352941176470589,0.8823529411764706
9d4rp8,28,0.7142857142857143,0.8571428571428571
9d4suh,31,0.6774193548387096,0.8387096774193549
9d4sux,23,0.6521739130434783,0.8695652173913043
9d4un1,23,0.6956521739130435,0.8695652173913043
9d4vxg,145,0.593103448275862,0.7724137931034483
9d50r7,56,0.6428571428571429,0.8214285714285714
9d510x,20,0.5,0.8
9d51rg,116,0.6120689655172413,0.8103448275862069
9d51y3,54,0.6481481481481481,0.7962962962962963
9d52mt,49,0.6326530612244898,0.8163265306122449
9d55j0,88,0.6136363636363636,0.8181818181818182
9d56ke,39,0.6410256410256411,0.8461538461538461
9d5b35,28,0.6428571428571429,0.8214285714285714
9d5ca9,32,0.65625,0.875
9d5d5n,26,0.5384615384615384,0.7692307692307693
9d5id2,23,0.5652173913043478,0.8260869565217391
9d5jkj,26,0.5769230769230769,0.7692307692307693
9d5kh1,194,0.5979381443298969,0.788659793814433
9d5nh1,20,0.5,0.8
9d5nit,30,0.6333333333333333,0.8666666666666667
9d5oh8,26,0.6923076923076923,0.8461538461538461
9d5rrc,20,0.65,0.85
9d5t21,50,0.64,0.82
9d5xcr,23,0.6956521739130435,0.8695652173913043
9d625b,28,0.6428571428571429,0.8214285714285714
9d640a,71,0.6197183098591549,0.8309859154929577
9d6dz6,23,0.6086956521739131,0.8260869565217391
9d6g5b,23,0.6956521739130435,0.8695652173913043
9d6h3h,36,0.6944444444444444,0.8611111111111112
9d6ltc,329,0.601823708206687,0.7689969604863222
9d6mc9,66,0.5909090909090909,0.7878787878787878
9d6nrb,70,0.5571428571428572,0.7571428571428571
9d6tbd,31,0.6129032258064516,0.8064516129032258
9d6u67,62,0.5967741935483871,0.7741935483870968
9d6ux6,106,0.6226415094339622,0.8301886792452831
9d6v11,36,0.6111111111111112,0.8333333333333334
9d6wb8,125,0.576,0.784
9d6wz7,23,0.6956521739130435,0.8260869565217391
9d6xqk,225,0.6,0.7866666666666666
9d71cq,21,0.7619047619047619,0.9047619047619048
9d73fu,24,0.625,0.8333333333333334
9d75an,29,0.6896551724137931,0.8275862068965517
9d78tp,32,0.65625,0.84375
9d79al,48,0.6458333333333334,0.8125
9d7b6p,21,0.6666666666666666,0.8571428571428571
9d7bmb,43,0.6744186046511628,0.8372093023255814
9d7bmr,38,0.631578947368421,0.8157894736842105
9d7dvm,27,0.6296296296296297,0.7777777777777778
9d7fzi,27,0.5925925925925926,0.8518518518518519
9d7nlk,43,0.6046511627906976,0.7906976744186046
9d7xpi,33,0.6666666666666666,0.8484848484848485
9d7xyl,21,0.6666666666666666,0.8095238095238095
9d890g,23,0.6956521739130435,0.8260869565217391
9d8ep1,59,0.6101694915254238,0.7966101694915254
9d8g97,20,0.6,0.85
9d8n2i,20,0.7,0.9
9d8u11,22,0.6818181818181818,0.8181818181818182
9d8ugm,88,0.625,0.8181818181818182
9d8vhk,22,0.7272727272727273,0.8636363636363636
9d98pk,28,0.6071428571428571,0.8214285714285714
9d99t2,56,0.6071428571428571,0.7857142857142857
9d9dck,26,0.6923076923076923,0.8461538461538461
9d9fqs,24,0.625,0.8333333333333334
9d9n9e,21,0.6666666666666666,0.8095238095238095
9d9q3j,38,0.631578947368421,0.8421052631578947
9d9tsv,44,0.5681818181818182,0.7954545454545454
9da5ir,22,0.6363636363636364,0.8181818181818182
9daars,24,0.6666666666666666,0.875
9dabab,52,0.6346153846153846,0.8269230769230769
9danc5,93,0.6559139784946236,0.8279569892473119
9daoxu,21,0.7142857142857143,0.9047619047619048
9darlp,118,0.6440677966101694,0.8220338983050848
9daust,50,0.66,0.86
9dazte,21,0.6666666666666666,0.8095238095238095
9db9et,97,0.5876288659793815,0.8041237113402062
9dbfl4,28,0.6071428571428571,0.8214285714285714
9dbi5k,236,0.5508474576271186,0.7754237288135594
9dbylu,167,0.6467065868263473,0.8383233532934131
9dc8kq,46,0.6956521739130435,0.8478260869565217
9dca2p,157,0.6242038216560509,0.802547770700637
9dcqi0,22,0.7272727272727273,0.8636363636363636
9dcsyt,26,0.7307692307692307,0.8461538461538461
9dczd3,24,0.5833333333333334,0.8333333333333334
9dd2t5,27,0.6296296296296297,0.8148148148148148
9dd6t0,54,0.6666666666666666,0.8333333333333334
9ddb3t,32,0.5,0.75
9ddfvw,39,0.6923076923076923,0.8205128205128205
9ddhcr,29,0.6206896551724138,0.7931034482758621
9ddhgd,48,0.6875,0.8541666666666666
9ddrzn,21,0.5714285714285714,0.7619047619047619
9de6by,26,0.6153846153846154,0.8461538461538461
9decmn,25,0.64,0.84
9decu5,41,0.6585365853658537,0.8536585365853658
9dexqt,29,0.5862068965517241,0.7931034482758621
9df0fz,72,0.5833333333333334,0.7916666666666666
9df4v9,22,0.6363636363636364,0.8181818181818182
9df7os,43,0.6046511627906976,0.7906976744186046
9dfbwr,23,0.6956521739130435,0.8695652173913043
9dfn3a,62,0.6935483870967742,0.8548387096774194
9dfo31,37,0.5945945945945946,0.8108108108108109
9dfzfk,20,0.75,0.85
9dg0n7,22,0.6363636363636364,0.8181818181818182
9dg6ti,42,0.6190476190476191,0.8333333333333334
9dgpjv,39,0.6153846153846154,0.8461538461538461
9dguux,39,0.5641025641025641,0.7948717948717948
9dgwqq,100,0.58,0.77
9dgy2l,29,0.6551724137931034,0.7931034482758621
9dh1rm,260,0.5538461538461539,0.7692307692307693
9dhbtc,70,0.6428571428571429,0.8142857142857143
9dhers,39,0.5128205128205128,0.7692307692307693
9dhkia,32,0.6875,0.8125
9dhszv,63,0.6507936507936508,0.8412698412698413
9dhtuv,39,0.5641025641025641,0.7948717948717948
9dhxf9,28,0.6428571428571429,0.7857142857142857
9di1et,34,0.6764705882352942,0.8235294117647058
9di2q9,45,0.5777777777777777,0.8
9di3f1,43,0.627906976744186,0.7674418604651163
9di7bc,38,0.631578947368421,0.8157894736842105
9diaa4,207,0.6521739130434783,0.8019323671497585
9diccv,30,0.6666666666666666,0.8333333333333334
9difsv,20,0.65,0.85
9diihb,22,0.5909090909090909,0.8181818181818182
9dijvq,49,0.5918367346938775,0.7755102040816326
9dixh1,1321,0.5329295987887964,0.757002271006813
9dj1qa,94,0.5957446808510638,0.8085106382978723
9dj2dt,50,0.66,0.78
9dj7f7,794,0.5906801007556675,0.7846347607052897
9dj988,20,0.65,0.8
9dj9ex,28,0.6428571428571429,0.8214285714285714
9djgo5,34,0.6764705882352942,0.8235294117647058
9djm95,51,0.5686274509803921,0.7843137254901961
9djmk5,31,0.6129032258064516,0.8064516129032258
9djnav,20,0.65,0.8
9djpbn,52,0.6346153846153846,0.7884615384615384
9djvku,421,0.6199524940617577,0.8028503562945368
9djxsz,42,0.6666666666666666,0.8571428571428571
9dk3ac,21,0.6666666666666666,0.8571428571428571
9dk74t,20,0.7,0.85
9dk8m6,24,0.6666666666666666,0.8333333333333334
9dkdme,51,0.6470588235294118,0.8235294117647058
9dkibq,22,0.6363636363636364,0.8181818181818182
9dkple,20,0.7,0.85
9dkr0g,113,0.6194690265486725,0.8053097345132744
9dkr93,50,0.66,0.82
9dku51,43,0.627906976744186,0.8604651162790697
9dku97,21,0.6666666666666666,0.8095238095238095
9dkysz,69,0.5652173913043478,0.782608695652174
9dl2y0,43,0.5348837209302325,0.7674418604651163
9dlfpq,39,0.6153846153846154,0.8205128205128205
9dlkij,42,0.5952380952380952,0.7857142857142857
9dlpy4,190,0.6368421052631579,0.8210526315789474
9dlsss,67,0.5671641791044776,0.7761194029850746
9dlufg,46,0.6739130434782609,0.8478260869565217
9dlxck,20,0.55,0.8
9dly9z,33,0.6363636363636364,0.7878787878787878
9dlywh,22,0.6818181818181818,0.8636363636363636
9dm4yv,66,0.6060606060606061,0.803030303030303
9dm8wi,25,0.68,0.88
9dmhn2,93,0.5698924731182796,0.7741935483870968
9dmkfo,67,0.6567164179104478,0.8059701492537313
9dmmae,85,0.6470588235294118,0.8235294117647058
9dmn2i,28,0.6428571428571429,0.8214285714285714
9dmnvk,72,0.6111111111111112,0.8055555555555556
9dmorh,37,0.6216216216216216,0.8108108108108109
9dmrup,603,0.5373134328358209,0.7545605306799337
9dmtsp,33,0.6363636363636364,0.8181818181818182
9dmvz2,100,0.63,0.79
9dmwt1,28,0.6785714285714286,0.8571428571428571
9dmx1g,33,0.5757575757575758,0.7575757575757576
9dn0yd,116,0.6724137931034483,0.8362068965517241
9dn1ps,23,0.6521739130434783,0.8260869565217391
9dnch6,103,0.6407766990291263,0.8155339805825242
9dnek0,128,0.6484375,0.8203125
9dnft7,25,0.68,0.88
9dnjws,41,0.7317073170731707,0.8536585365853658
9dnnwe,22,0.6363636363636364,0.7727272727272727
9dnrlf,37,0.6486486486486487,0.8108108108108109
9dnrry,85,0.611764705882353,0.8117647058823529
9dnrvd,21,0.6666666666666666,0.8571428571428571
9dnsd4,39,0.6410256410256411,0.7692307692307693
9dntez,25,0.68,0.84
9doevl,106,0.5849056603773585,0.8018867924528302
9doi2c,60,0.55,0.7666666666666667
9dolk4,30,0.7,0.8333333333333334
9dopxi,28,0.7142857142857143,0.8571428571428571
9dotjn,172,0.6686046511627907,0.8313953488372093
9doxfy,24,0.625,0.7916666666666666
9dp121,26,0.6538461538461539,0.8076923076923077
9dp41u,297,0.531986531986532,0.7441077441077442
9dpewm,20,0.6,0.8
9dpfzi,94,0.6702127659574468,0.8191489361702128
9dpwc1,35,0.6285714285714286,0.8
9dpx7f,23,0.6086956521739131,0.8260869565217391
9dq5wu,20,0.65,0.85
9dqasq,21,0.7142857142857143,0.9047619047619048
9dqeyg,28,0.6785714285714286,0.8214285714285714
9dqgeb,37,0.6756756756756757,0.8648648648648649
9dqixh,187,0.5347593582887701,0.7700534759358288
9dqko8,40,0.6,0.775
9dqt3g,52,0.6346153846153846,0.8461538461538461
9dqxt9,24,0.5416666666666666,0.7083333333333334
9dr9wc,105,0.6476190476190476,0.819047619047619
9drc2g,20,0.45,0.75
9drebb,64,0.625,0.8125
9drfme,90,0.6555555555555556,0.8111111111111111
9drh3z,23,0.4782608695652174,0.6956521739130435
9drofi,27,0.6296296296296297,0.7777777777777778
9drpte,22,0.5,0.7272727272727273
9drrkv,281,0.5160142348754448,0.7366548042704626
9drtul,64,0.640625,0.828125
9drvfo,32,0.625,0.8125
9ds1qx,113,0.584070796460177,0.7964601769911505
9ds4f0,31,0.6129032258064516,0.8387096774193549
9ds66y,77,0.6103896103896104,0.8051948051948052
9dsj1h,29,0.6551724137931034,0.8275862068965517
9dsk9z,38,0.7105263157894737,0.868421052631579
9dsp5l,137,0.5620437956204379,0.7518248175182481
9dsr5j,48,0.6458333333333334,0.8125
9dsss2,34,0.6764705882352942,0.8235294117647058
9dswzb,46,0.4782608695652174,0.7391304347826086
9dsx8l,28,0.6785714285714286,0.8214285714285714
9dsxii,118,0.635593220338983,0.8305084745762712
9dsyg9,46,0.6956521739130435,0.8478260869565217
9dszo5,35,0.6,0.8
9dt2pm,101,0.5643564356435643,0.7821782178217822
9dt2vn,55,0.6727272727272727,0.8363636363636363
9dt45z,126,0.6349206349206349,0.8174603174603174
9dt6gg,52,0.6730769230769231,0.8461538461538461
9dt8lb,23,0.6086956521739131,0.8260869565217391
9dt944,20,0.7,0.85
9dtdof,29,0.5517241379310345,0.7931034482758621
9dtesb,26,0.6923076923076923,0.8461538461538461
9dtk2j,61,0.6885245901639344,0.8524590163934426
9dtsfy,24,0.7083333333333334,0.7916666666666666
9dtx97,27,0.7037037037037037,0.8518518518518519
9du1mw,58,0.6551724137931034,0.8275862068965517
9du33e,33,0.6666666666666666,0.8181818181818182
9du7qa,22,0.6818181818181818,0.8636363636363636
9duamj,21,0.6666666666666666,0.8571428571428571
9dub5i,25,0.64,0.8
9due2w,25,0.64,0.84
9due4s,218,0.6009174311926605,0.7844036697247706
9duhjp,75,0.68,0.84
9dui7z,24,0.7083333333333334,0.8333333333333334
9dum6c,54,0.6111111111111112,0.8148148148148148
9dunu2,22,0.6818181818181818,0.8636363636363636
9duo6i,36,0.6666666666666666,0.8333333333333334
9duphp,108,0.5370370370370371,0.7407407407407407
9durlp,1112,0.5215827338129496,0.7553956834532374
9dutwe,37,0.40540540540540543,0.7567567567567568
9dux02,28,0.6428571428571429,0.8571428571428571
9duz88,61,0.6721311475409836,0.8360655737704918
9duzpx,28,0.7142857142857143,0.8571428571428571
9dv3of,43,0.6511627906976745,0.813953488372093
9dva2l,27,0.6666666666666666,0.8148148148148148
9dvcx4,31,0.5806451612903226,0.6129032258064516
9dvd41,540,0.5796296296296296,0.7814814814814814
9dve3x,22,0.6363636363636364,0.8181818181818182
9dvf5f,62,0.6451612903225806,0.7903225806451613
9dvi8m,126,0.5476190476190477,0.7063492063492064
9dvinq,25,0.76,0.84
9dviow,20,0.6,0.75
9dvqas,23,0.6956521739130435,0.8695652173913043
9dvsgp,29,0.6896551724137931,0.8275862068965517
9dvu0g,24,0.75,0.875
9dvu0p,144,0.5416666666666666,0.7569444444444444
9dvvdt,34,0.4411764705882353,0.7352941176470589
9dw4q5,99,0.5959595959595959,0.797979797979798
9dw9c4,178,0.5168539325842697,0.7471910112359551
9dwc06,90,0.6,0.8
9dwhvr,92,0.5434782608695652,0.7608695652173914
9dwotk,31,0.6451612903225806,0.8387096774193549
9dww44,25,0.76,0.88
9dwwfx,30,0.5,0.6
9dwxt6,88,0.5568181818181818,0.7727272727272727
9dx0n4,117,0.6239316239316239,0.811965811965812
9dx1be,28,0.7142857142857143,0.8571428571428571
9dx1zw,102,0.5392156862745098,0.7647058823529411
9dx6q1,20,0.65,0.85
9dx9g7,26,0.6538461538461539,0.8846153846153846
9dxaoi,26,0.6538461538461539,0.8076923076923077
9dxapw,24,0.6666666666666666,0.8333333333333334
9dxdti,34,0.6764705882352942,0.8529411764705882
9dxgi0,29,0.6551724137931034,0.8620689655172413
9dxobh,156,0.532051282051282,0.7692307692307693
9dxoou,30,0.6333333333333333,0.8666666666666667
9dxx92,27,0.6296296296296297,0.8148148148148148
9dxztn,20,0.7,0.85
9dy8t9,189,0.5925925925925926,0.7883597883597884
9dybw7,22,0.7272727272727273,0.8181818181818182
9dydex,35,0.6857142857142857,0.8571428571428571
9dyhfv,21,0.6666666666666666,0.8095238095238095
9dyk1w,42,0.6666666666666666,0.8571428571428571
9dym5d,109,0.5963302752293578,0.7889908256880734
9dyp51,20,0.65,0.8
9dyu8f,90,0.6555555555555556,0.8222222222222222
9dyvxr,315,0.526984126984127,0.7523809523809524
9dyy0j,130,0.5538461538461539,0.7769230769230769
9dz04d,42,0.6904761904761905,0.8333333333333334
9dz3fw,107,0.6635514018691588,0.8317757009345794
9dz3wf,143,0.6153846153846154,0.7972027972027972
9dz7zw,22,0.6818181818181818,0.8181818181818182
9dzb0r,56,0.5892857142857143,0.7678571428571429
9dzbez,26,0.6538461538461539,0.8461538461538461
9dzcbi,26,0.5769230769230769,0.8076923076923077
9dzjwo,48,0.6458333333333334,0.7916666666666666
9dzyd5,54,0.6296296296296297,0.8333333333333334
9e00kd,159,0.6540880503144654,0.8176100628930818
9e0a73,21,0.6190476190476191,0.7619047619047619
9e0exi,59,0.6440677966101694,0.8135593220338984
9e0nal,1317,0.5254365983295368,0.7501898253606681
9e0zry,141,0.6028368794326241,0.8014184397163121
9e16sr,25,0.68,0.84
9e17f3,20,0.65,0.85
9e1b3h,20,0.7,0.85
9e1lsp,28,0.6428571428571429,0.8214285714285714
9e1lzd,31,0.7419354838709677,0.8387096774193549
9e1okx,35,0.6285714285714286,0.8285714285714286
9e1otg,20,0.65,0.8
9e1psa,27,0.5555555555555556,0.8148148148148148
9e1vr8,77,0.5714285714285714,0.7662337662337663
9e1x8s,21,0.6190476190476191,0.8571428571428571
9e228v,44,0.6590909090909091,0.8181818181818182
9e26l0,21,0.6190476190476191,0.8571428571428571
9e29ec,115,0.4956521739130435,0.7565217391304347
9e2c3s,23,0.6521739130434783,0.782608695652174
9e2fkr,70,0.6428571428571429,0.8428571428571429
9e30q1,29,0.5517241379310345,0.7241379310344828
9e33mz,58,0.6896551724137931,0.8448275862068966
9e340q,45,0.6444444444444445,0.8222222222222222
9e35l8,22,0.5909090909090909,0.8181818181818182
9e39af,21,0.6190476190476191,0.8095238095238095
9e3ifx,21,0.6190476190476191,0.7619047619047619
9e3jpf,61,0.6885245901639344,0.8360655737704918
9e3lm2,22,0.5909090909090909,0.8181818181818182
9e3pda,58,0.6724137931034483,0.8275862068965517
9e3q0b,84,0.6071428571428571,0.7857142857142857
9e3tfw,33,0.6666666666666666,0.8484848484848485
9e3u0o,95,0.5157894736842106,0.7368421052631579
9e3y0u,43,0.6046511627906976,0.7674418604651163
9e44tf,69,0.6666666666666666,0.8260869565217391
9e46li,28,0.6428571428571429,0.8214285714285714
9e481t,32,0.625,0.8125
9e48jy,55,0.6363636363636364,0.8
9e4d3s,22,0.7272727272727273,0.9090909090909091
9e4e1o,45,0.6888888888888889,0.8444444444444444
9e4ee3,41,0.5365853658536586,0.8048780487804879
9e4etn,49,0.6122448979591837,0.7959183673469388
9e4jz5,66,0.6818181818181818,0.8484848484848485
9e4kjz,70,0.5571428571428572,0.7571428571428571
9e4lj2,21,0.7142857142857143,0.8571428571428571
9e4njv,27,0.4444444444444444,0.7037037037037037
9e4szo,56,0.5892857142857143,0.7857142857142857
9e4tkm,81,0.6296296296296297,0.8024691358024691
9e4u9b,36,0.6944444444444444,0.8611111111111112
9e4xq2,171,0.6257309941520468,0.8187134502923976
9e511v,174,0.5632183908045977,0.8045977011494253
9e52oe,20,0.7,0.85
9e58l2,71,0.6338028169014085,0.8309859154929577
9e5a9z,24,0.6666666666666666,0.7916666666666666
9e5fy0,21,0.6666666666666666,0.7619047619047619
9e5lug,64,0.546875,0.796875
9e5mmu,53,0.5660377358490566,0.7358490566037735
9e5ptp,20,0.6,0.85
9e5vqy,33,0.6363636363636364,0.8181818181818182
9e5xv8,33,0.7272727272727273,0.8484848484848485
9e60hu,54,0.6851851851851852,0.8333333333333334
9e62sp,25,0.64,0.84
9e643r,27,0.5555555555555556,0.8148148148148148
9e67lv,95,0.631578947368421,0.8210526315789474
9e6d95,86,0.5581395348837209,0.7674418604651163
9e6fv7,25,0.68,0.84
9e6gp4,30,0.6333333333333333,0.8333333333333334
9e6jo5,21,0.7142857142857143,0.9047619047619048
9e6kh4,26,0.6538461538461539,0.8461538461538461
9e6q40,78,0.6410256410256411,0.8333333333333334
9e6rjm,25,0.6,0.8
9e6v99,44,0.5227272727272727,0.75
9e6vs5,91,0.6043956043956044,0.8131868131868132
9e6xl3,24,0.625,0.7916666666666666
9e71ah,24,0.6666666666666666,0.8333333333333334
9e73m5,47,0.6595744680851063,0.8297872340425532
9e755g,30,0.6666666666666666,0.8333333333333334
9e79kf,43,0.6511627906976745,0.7906976744186046
9e7a8a,76,0.631578947368421,0.7894736842105263
9e7fod,25,0.72,0.88
9e7kau,20,0.65,0.75
9e7kkv,27,0.5925925925925926,0.7777777777777778
9e7m7k,25,0.56,0.8
9e7ovi,23,0.7391304347826086,0.8695652173913043
9e7ps7,35,0.6857142857142857,0.8571428571428571
9e7qfn,42,0.6666666666666666,0.8333333333333334
9e7tdw,129,0.5891472868217055,0.8062015503875969
9e7x0z,33,0.6363636363636364,0.7878787878787878
9e7yw7,32,0.625,0.8125
9e82ov,50,0.68,0.84
9e84oc,74,0.5945945945945946,0.7972972972972973
9e86u3,20,0.75,0.85
9e8be8,25,0.64,0.76
9e8fku,22,0.5454545454545454,0.8181818181818182
9e8n9v,141,0.574468085106383,0.7872340425531915
9e8o4x,30,0.7,0.8666666666666667
9e8oti,31,0.6451612903225806,0.8064516129032258
9e8s0b,24,0.75,0.875
9e8yz7,55,0.5636363636363636,0.7454545454545455
9e909b,76,0.6447368421052632,0.8157894736842105
9e91w1,28,0.6428571428571429,0.7857142857142857
9e99sk,34,0.5882352941176471,0.8235294117647058
9e9bg0,23,0.6086956521739131,0.782608695652174
9e9ejf,22,0.6818181818181818,0.8181818181818182
9e9g0y,22,0.6363636363636364,0.8636363636363636
9e9hab,21,0.6666666666666666,0.8095238095238095
9e9kej,27,0.5925925925925926,0.7777777777777778
9e9pxj,161,0.5900621118012422,0.7888198757763976
9e9s7o,57,0.6666666666666666,0.8421052631578947
9e9u0t,26,0.6923076923076923,0.8076923076923077
9e9y7u,30,0.5666666666666667,0.8333333333333334
9e9ycq,100,0.64,0.79
9ea26u,29,0.7241379310344828,0.8620689655172413
9ea281,31,0.7096774193548387,0.8387096774193549
9ea75o,42,0.6666666666666666,0.7857142857142857
9eagvy,29,0.6896551724137931,0.8275862068965517
9eao1y,20,0.55,0.8
9eaw6u,28,0.6071428571428571,0.75
9eax5g,27,0.7037037037037037,0.8518518518518519
9eb2qi,57,0.6140350877192983,0.8070175438596491
9ebenw,28,0.6428571428571429,0.8571428571428571
9ebfp7,21,0.6666666666666666,0.8095238095238095
9ebx66,25,0.6,0.76
9ebxtv,21,0.6666666666666666,0.8571428571428571
9ec0ui,69,0.5362318840579711,0.7971014492753623
9ec5q6,34,0.6470588235294118,0.8235294117647058
9ecbqk,36,0.5555555555555556,0.7777777777777778
9ecc33,33,0.5454545454545454,0.7272727272727273
9ecgz3,32,0.65625,0.8125
9eck0y,30,0.7333333333333333,0.8666666666666667
9eckh9,31,0.5161290322580645,0.8064516129032258
9eclrq,26,0.6153846153846154,0.8461538461538461
9ecm15,43,0.6511627906976745,0.8604651162790697
9ecnz2,45,0.6666666666666666,0.8444444444444444
9eco4l,20,0.65,0.85
9eco7c,23,0.6086956521739131,0.8260869565217391
9ecoic,30,0.6333333333333333,0.8333333333333334
9ecq1z,34,0.5882352941176471,0.7647058823529411
9ecqy0,99,0.6161616161616161,0.8383838383838383
9ecr9s,24,0.5833333333333334,0.75
9ecrp7,23,0.7391304347826086,0.8260869565217391
9ecvmw,43,0.627906976744186,0.7906976744186046
9ecwc4,37,0.6756756756756757,0.8108108108108109
9ecx10,138,0.6594202898550725,0.8188405797101449
9eczck,33,0.6060606060606061,0.8181818181818182
9eczhb,61,0.6557377049180327,0.8360655737704918
9ed3gp,74,0.527027027027027,0.7702702702702703
9ed3je,20,0.65,0.85
9ed3zz,30,0.7,0.8666666666666667
9ed4mo,98,0.673469387755102,0.8163265306122449
9ed60v,23,0.5652173913043478,0.8260869565217391
9ed9rf,21,0.7142857142857143,0.8571428571428571
9edd1a,134,0.5746268656716418,0.8134328358208955
9edenw,41,0.6585365853658537,0.8292682926829268
9edgk1,114,0.5701754385964912,0.7807017543859649
9edhcq,67,0.6716417910447762,0.8208955223880597
9edie7,20,0.55,0.85
9edjyu,88,0.6477272727272727,0.8181818181818182
9edn5t,35,0.6857142857142857,0.8285714285714286
9edrp8,87,0.6436781609195402,0.8390804597701149
9edt81,51,0.5882352941176471,0.7647058823529411
9ee0s9,455,0.6065934065934065,0.8
9ee4kx,141,0.6170212765957447,0.8085106382978723
9ee5jm,730,0.5698630136986301,0.7780821917808219
9ee9tk,29,0.6206896551724138,0.8275862068965517
9eea52,24,0.625,0.7916666666666666
9eea5t,41,0.5853658536585366,0.7804878048780488
9eeafl,21,0.7142857142857143,0.8571428571428571
9eeblp,29,0.6206896551724138,0.8275862068965517
9eeiwu,27,0.6666666666666666,0.8518518518518519
9eej17,23,0.7391304347826086,0.8695652173913043
9eel5h,35,0.6857142857142857,0.8571428571428571
9eepjc,96,0.6770833333333334,0.8333333333333334
9eerjn,28,0.5714285714285714,0.75
9ef9r6,47,0.6382978723404256,0.8085106382978723
9efc12,85,0.5882352941176471,0.8
9efc19,20,0.6,0.85
9efl7f,230,0.5347826086956522,0.7565217391304347
9efmku,27,0.6666666666666666,0.8518518518518519
9efn2c,45,0.6222222222222222,0.8222222222222222
9efnt7,20,0.65,0.85
9efoap,97,0.5567010309278351,0.7731958762886598
9eg44z,21,0.6666666666666666,0.8571428571428571
9eg6c0,29,0.6551724137931034,0.8620689655172413
9eg73q,24,0.6666666666666666,0.875
9eg9j0,20,0.55,0.8
9egdka,35,0.6,0.8
9eghqy,24,0.5,0.75
9eglut,24,0.5833333333333334,0.8333333333333334
9egmw7,189,0.5978835978835979,0.8042328042328042
9egmyn,22,0.5454545454545454,0.7727272727272727
9egn6q,27,0.7407407407407407,0.8888888888888888
9egwdu,241,0.5103734439834025,0.7468879668049793
9egwt3,22,0.7272727272727273,0.8181818181818182
9egwtr,45,0.6888888888888889,0.8444444444444444
9egz42,24,0.75,0.8333333333333334
9eh1bw,39,0.6410256410256411,0.8205128205128205
9eh41g,155,0.6193548387096774,0.8064516129032258
9eh9zb,29,0.6551724137931034,0.8620689655172413
9ehcxz,23,0.6956521739130435,0.8695652173913043
9ehd6v,32,0.6875,0.8125
9ehn3e,28,0.6428571428571429,0.8571428571428571
9ehtv3,34,0.6764705882352942,0.8235294117647058
9ehwa7,26,0.6153846153846154,0.7692307692307693
9ehypb,240,0.55,0.7666666666666667
9ei1t2,24,0.6666666666666666,0.875
9ei2xv,49,0.673469387755102,0.8367346938775511
9ei3mq,40,0.4,0.825
9ei413,43,0.6744186046511628,0.8604651162790697
9eikrk,39,0.6153846153846154,0.8205128205128205
9eil7b,37,0.6756756756756757,0.8378378378378378
9eilhw,70,0.6857142857142857,0.8571428571428571
9eimpv,44,0.6363636363636364,0.8181818181818182
9eir8a,32,0.625,0.84375
9eiym4,29,0.7241379310344828,0.8620689655172413
9ej6sy,22,0.6818181818181818,0.8636363636363636
9ej71u,38,0.5526315789473685,0.8157894736842105
9ejaf2,116,0.5948275862068966,0.8017241379310345
9ejblr,60,0.6,0.8166666666666667
9ejdto,22,0.6363636363636364,0.7727272727272727
9ejgii,22,0.6818181818181818,0.8181818181818182
9ejwns,25,0.56,0.76
9ejzmh,26,0.7307692307692307,0.8846153846153846
9ek3rz,20,0.5,0.75
9ek57s,109,0.6146788990825688,0.8073394495412844
9ekeqz,90,0.6555555555555556,0.8333333333333334
9ekiop,31,0.6129032258064516,0.8064516129032258
9ekj9c,22,0.7272727272727273,0.8636363636363636
9eklz1,40,0.65,0.85
9ekosb,20,0.6,0.75
9ekpgr,29,0.6551724137931034,0.8275862068965517
9ekplh,25,0.64,0.84
9el2gr,119,0.680672268907563,0.8403361344537815
9el5e5,27,0.6296296296296297,0.8148148148148148
9el99u,22,0.6363636363636364,0.7727272727272727
9eldhq,50,0.54,0.8
9eldwm,29,0.5862068965517241,0.7931034482758621
9elmbh,52,0.6730769230769231,0.8653846153846154
9elo7k,24,0.625,0.7916666666666666
9elye5,79,0.6075949367088608,0.7721518987341772
9em2ih,20,0.65,0.8
9em3sk,99,0.6363636363636364,0.8080808080808081
9em4ac,96,0.625,0.7916666666666666
9emhpe,40,0.65,0.825
9emim0,35,0.6857142857142857,0.8571428571428571
9emqbu,44,0.6590909090909091,0.8181818181818182
9emutm,52,0.5,0.8076923076923077
9emxei,150,0.6533333333333333,0.8266666666666667
9emyyi,24,0.625,0.8333333333333334
9en4q7,28,0.6428571428571429,0.8571428571428571
9en5qg,29,0.6551724137931034,0.7931034482758621
9en81d,233,0.6051502145922747,0.7896995708154506
9enb3y,22,0.045454545454545456,0.045454545454545456
9end8q,48,0.6458333333333334,0.8333333333333334
9enfhn,54,0.5925925925925926,0.8148148148148148
9enksb,25,0.6,0.76
9enkvh,20,0.65,0.8
9enmff,1017,0.5555555555555556,0.7846607669616519
9enmmt,44,0.5454545454545454,0.75
9eno5k,69,0.5797101449275363,0.7536231884057971
9enpkz,111,0.6216216216216216,0.8108108108108109
9ens3f,83,0.6626506024096386,0.8554216867469879
9ens8h,23,0.6086956521739131,0.8695652173913043
9envp5,22,0.5454545454545454,0.7727272727272727
9eo2zz,42,0.6666666666666666,0.8333333333333334
9eo5su,116,0.646551724137931,0.8189655172413793
9eo6nf,123,0.5853658536585366,0.8130081300813008
9eoggi,24,0.7083333333333334,0.8333333333333334
9eoghs,25,0.64,0.84
9eohfq,203,0.5517241379310345,0.7635467980295566
9eoite,25,0.64,0.8
9eom8z,29,0.6551724137931034,0.8275862068965517
9eoq8o,22,0.5909090909090909,0.7727272727272727
9eozq3,32,0.65625,0.84375
9ep1b2,32,0.71875,0.875
9ep67i,34,0.6176470588235294,0.8529411764705882
9epb28,27,0.6666666666666666,0.8518518518518519
9epc0y,43,0.627906976744186,0.7906976744186046
9epgvi,38,0.631578947368421,0.8421052631578947
9ephae,52,0.5576923076923077,0.75
9epluz,27,0.6296296296296297,0.8148148148148148
9epuny,27,0.6296296296296297,0.8148148148148148
9epxmy,24,0.041666666666666664,0.375
9eq1ux,90,0.5888888888888889,0.7888888888888889
9eq3p7,23,0.5652173913043478,0.782608695652174
9eqb0a,21,0.6190476190476191,0.7619047619047619
9eqc2z,27,0.6666666666666666,0.8148148148148148
9eqdx9,29,0.6551724137931034,0.7931034482758621
9eqfrz,52,0.5192307692307693,0.75
9eqh0l,28,0.6428571428571429,0.8214285714285714
9eqhni,24,0.6666666666666666,0.8333333333333334
9eqjk2,89,0.6292134831460674,0.8089887640449438
9eqmzk,310,0.5903225806451613,0.7806451612903226
9equ5z,23,0.6956521739130435,0.8695652173913043
9eqv7q,38,0.7368421052631579,0.8947368421052632
9eqwog,40,0.65,0.825
9eqxju,36,0.5833333333333334,0.7777777777777778
9er8bk,180,0.6055555555555555,0.7944444444444444
9er9fl,23,0.6956521739130435,0.8695652173913043
9erc5v,56,0.6785714285714286,0.8392857142857143
9erf4o,39,0.717948717948718,0.8717948717948718
9erjn3,22,0.6363636363636364,0.8181818181818182
9erlln,47,0.6595744680851063,0.8085106382978723
9ermid,47,0.6595744680851063,0.7872340425531915
9errtn,55,0.6181818181818182,0.7818181818181819
9ersc2,25,0.68,0.88
9erwty,21,0.5714285714285714,0.7619047619047619
9es0w4,31,0.7096774193548387,0.8709677419354839
9es1fu,26,0.6153846153846154,0.7692307692307693
9es5gy,51,0.7450980392156863,0.8431372549019608
9esedm,35,0.5428571428571428,0.7714285714285715
9esewi,21,0.6666666666666666,0.8095238095238095
9esf2f,20,0.7,0.85
9esrl0,21,0.7619047619047619,0.8571428571428571
9esz27,25,0.6,0.76
9et7bq,49,0.6530612244897959,0.8163265306122449
9et7c5,119,0.5630252100840336,0.773109243697479
9et7lh,34,0.6470588235294118,0.8235294117647058
9et9ju,145,0.6620689655172414,0.8206896551724138
9ete15,26,0.7307692307692307,0.8461538461538461
9etmlc,24,0.5833333333333334,0.75
9etnp8,116,0.5775862068965517,0.7931034482758621
9etovj,29,0.6551724137931034,0.7931034482758621
9etwcf,23,0.6956521739130435,0.8695652173913043
9etwiq,20,0.7,0.85
9ety0u,38,0.631578947368421,0.8157894736842105
9eu3mf,69,0.6376811594202898,0.8115942028985508
9eu88n,23,0.6086956521739131,0.7391304347826086
9euhs0,542,0.5571955719557196,0.7693726937269373
9euu0g,22,0.6363636363636364,0.7727272727272727
9ev280,44,0.6363636363636364,0.8181818181818182
9evb35,23,0.7391304347826086,0.8695652173913043
9evex1,31,0.6129032258064516,0.8064516129032258
9evina,21,0.5238095238095238,0.8095238095238095
9evjqh,26,0.6153846153846154,0.7692307692307693
9evkvp,33,0.6363636363636364,0.8484848484848485
9evmla,46,0.6086956521739131,0.782608695652174
9evqyp,74,0.5945945945945946,0.7972972972972973
9evxc6,44,0.6818181818181818,0.8636363636363636
9ew062,53,0.6037735849056604,0.7924528301886793
9ew2ka,65,0.5384615384615384,0.7384615384615385
9ew491,84,0.5833333333333334,0.7857142857142857
9ew7cs,20,0.7,0.85
9ew8ty,246,0.6300813008130082,0.8048780487804879
9ewbh0,20,0.65,0.8
9ewbpd,56,0.5357142857142857,0.7857142857142857
9ewc95,21,0.6666666666666666,0.8571428571428571
9ewmw6,20,0.6,0.8
9ewp9w,35,0.6571428571428571,0.8571428571428571
9ewprz,72,0.625,0.8055555555555556
9ewq5v,59,0.6610169491525424,0.8305084745762712
9ewtgn,41,0.6341463414634146,0.8048780487804879
9ewuso,24,0.6666666666666666,0.8333333333333334
9ewv73,38,0.6052631578947368,0.8157894736842105
9ewvtx,26,0.6153846153846154,0.8076923076923077
9ewwhh,65,0.6461538461538462,0.8153846153846154
9ewwnb,134,0.6343283582089553,0.8134328358208955
9ewwpe,63,0.5873015873015873,0.7777777777777778
9ewwvu,64,0.59375,0.796875
9ex028,20,0.55,0.75
9ex095,41,0.5609756097560976,0.8048780487804879
9ex19o,47,0.5957446808510638,0.8085106382978723
9ex1rw,21,0.7142857142857143,0.8571428571428571
9ex5kg,157,0.5987261146496815,0.802547770700637
9ex841,22,0.5909090909090909,0.7727272727272727
9exdzp,23,0.6956521739130435,0.8260869565217391
9exgok,56,0.625,0.7857142857142857
9exhjj,60,0.5833333333333334,0.7333333333333333
9exjel,35,0.6285714285714286,0.8
9exkul,177,0.6271186440677966,0.7966101694915254
9exudn,24,0.6666666666666666,0.8333333333333334
9exy4b,62,0.6612903225806451,0.8548387096774194
9exytz,22,0.7272727272727273,0.8636363636363636
9ey0vz,46,0.6304347826086957,0.8478260869565217
9ey1is,31,0.6774193548387096,0.8064516129032258
9ey25m,25,0.6,0.84
9ey5de,149,0.6778523489932886,0.825503355704698
9ey7jm,22,0.5454545454545454,0.8181818181818182
9ey7lg,23,0.6521739130434783,0.8260869565217391
9eybht,32,0.71875,0.875
9eydco,79,0.5949367088607594,0.7848101265822784
9eyfox,70,0.6428571428571429,0.8285714285714286
9eyfu0,22,0.6363636363636364,0.8181818181818182
9eyo42,20,0.55,0.85
9eypez,41,0.5365853658536586,0.7560975609756098
9eyq2l,28,0.6785714285714286,0.8214285714285714
9eyu5b,71,0.6056338028169014,0.7746478873239436
9eyz4j,23,0.6521739130434783,0.8695652173913043
9eyzl9,28,0.6428571428571429,0.8214285714285714
9ez141,43,0.6046511627906976,0.7674418604651163
9ez166,56,0.6071428571428571,0.7857142857142857
9ez4go,25,0.68,0.84
9ez5oy,76,0.6710526315789473,0.8421052631578947
9ez65a,29,0.6206896551724138,0.7586206896551724
9ez6c3,20,0.65,0.85
9ez7ta,30,0.5666666666666667,0.8
9ezf5f,43,0.5813953488372093,0.7906976744186046
9ezfgj,62,0.6290322580645161,0.8225806451612904
9ezl39,28,0.7142857142857143,0.8571428571428571
9ezmiz,178,0.6067415730337079,0.8089887640449438
9ezmk8,31,0.6774193548387096,0.8709677419354839
9ezoej,24,0.7083333333333334,0.875
9ezrvg,67,0.5970149253731343,0.8059701492537313
9ezszl,38,0.7105263157894737,0.868421052631579
9ezt2k,20,0.6,0.8
9ezu8c,20,0.65,0.85
9ezuzv,48,0.5,0.75
9ezv3t,21,0.6666666666666666,0.8571428571428571
9ezw1p,601,0.5773710482529119,0.7737104825291181
9ezzvo,34,0.6470588235294118,0.8529411764705882
9f00ow,26,0.6923076923076923,0.8461538461538461
9f01q3,176,0.5965909090909091,0.7897727272727273
9f0c1p,22,0.6818181818181818,0.8636363636363636
9f0fme,31,0.7096774193548387,0.8387096774193549
9f0fo1,36,0.6111111111111112,0.8055555555555556
9f0h3s,24,0.625,0.8333333333333334
9f0hxq,57,0.6666666666666666,0.8421052631578947
9f0nys,22,0.6818181818181818,0.8181818181818182
9f0q75,35,0.6857142857142857,0.8285714285714286
9f0rgh,28,0.6071428571428571,0.8214285714285714
9f0wxj,23,0.6956521739130435,0.8695652173913043
9f123o,22,0.7272727272727273,0.8181818181818182
9f1e2a,40,0.55,0.775
9f1g5s,60,0.5833333333333334,0.7833333333333333
9f1jub,29,0.6206896551724138,0.7931034482758621
9f1pcx,21,0.7142857142857143,0.8571428571428571
9f1qv7,71,0.6197183098591549,0.8450704225352113
9f1qww,24,0.7083333333333334,0.875
9f1rbv,66,0.6212121212121212,0.8181818181818182
9f1t2y,27,0.5925925925925926,0.8148148148148148
9f1uv7,39,0.6923076923076923,0.8461538461538461
9f1w3h,35,0.6,0.8
9f210q,65,0.6307692307692307,0.8
9f22si,25,0.56,0.84
9f23yr,55,0.6363636363636364,0.8181818181818182
9f24jt,71,0.5915492957746479,0.7887323943661971
9f292i,38,0.6052631578947368,0.8157894736842105
9f2b4x,63,0.6031746031746031,0.7777777777777778
9f2lsb,21,0.6190476190476191,0.8095238095238095
9f2pxz,35,0.6285714285714286,0.8
9f2twj,29,0.6206896551724138,0.8275862068965517
9f32cm,20,0.6,0.85
9f35wq,21,0.7142857142857143,0.8571428571428571
9f38tm,22,0.5909090909090909,0.7727272727272727
9f3d4a,23,0.6521739130434783,0.8695652173913043
9f3g0z,65,0.676923076923077,0.8307692307692308
9f3nvq,22,0.7272727272727273,0.8636363636363636
9f3oya,20,0.7,0.85
9f3qs1,26,0.6923076923076923,0.8461538461538461
9f3sfa,24,0.6666666666666666,0.875
9f3wha,54,0.5740740740740741,0.7777777777777778
9f3wnk,20,0.6,0.8
9f3wul,21,0.6190476190476191,0.8571428571428571
9f3wxg,84,0.5119047619047619,0.7619047619047619
9f3xg3,33,0.696969696969697,0.8181818181818182
9f3yq0,35,0.6,0.8
9f41sg,150,0.6266666666666667,0.8133333333333334
9f45z4,25,0.64,0.84
9f49g6,22,0.45454545454545453,0.8181818181818182
9f4dax,21,0.6190476190476191,0.8095238095238095
9f4h84,56,0.6428571428571429,0.8035714285714286
9f4par,183,0.6120218579234973,0.7978142076502732
9f4wko,27,0.5555555555555556,0.7777777777777778
9f4ypt,48,0.625,0.8125
9f52x5,26,0.5769230769230769,0.8461538461538461
9f5bi2,21,0.6190476190476191,0.8571428571428571
9f5c90,57,0.6140350877192983,0.8070175438596491
9f5jbo,51,0.5882352941176471,0.803921568627451
9f5lr5,39,0.6666666666666666,0.8205128205128205
9f5ngp,672,0.5773809523809523,0.7827380952380952
9f5sqa,90,0.5444444444444444,0.7555555555555555
9f5sya,31,0.7096774193548387,0.8709677419354839
9f5szz,33,0.6060606060606061,0.8181818181818182
9f5t63,106,0.6226415094339622,0.8018867924528302
9f5u8y,24,0.75,0.875
9f5uq1,20,0.7,0.85
9f5wvg,344,0.6075581395348837,0.7936046511627907
9f5yng,77,0.5974025974025974,0.8051948051948052
9f5zu8,100,0.63,0.82
9f62d8,61,0.6885245901639344,0.8524590163934426
9f63bd,171,0.6198830409356725,0.8070175438596491
9f65i6,25,0.68,0.88
9f668z,20,0.6,0.8
9f6bev,90,0.6666666666666666,0.8333333333333334
9f6c62,28,0.6428571428571429,0.8571428571428571
9f6d5a,135,0.6296296296296297,0.8
9f6e4i,45,0.6666666666666666,0.8222222222222222
9f6eop,23,0.6956521739130435,0.8695652173913043
9f6gza,45,0.6888888888888889,0.8666666666666667
9f6jmq,27,0.6666666666666666,0.8148148148148148
9f6o3c,22,0.7272727272727273,0.8636363636363636
9f6p60,39,0.6410256410256411,0.7948717948717948
9f6sb7,26,0.6538461538461539,0.8076923076923077
9f6syd,47,0.6382978723404256,0.8297872340425532
9f6ypk,41,0.6097560975609756,0.8292682926829268
9f73yj,28,0.6071428571428571,0.7857142857142857
9f7732,29,0.6551724137931034,0.8275862068965517
9f78gn,197,0.5228426395939086,0.7563451776649747
9f7axq,20,0.6,0.8
9f7byj,23,0.6521739130434783,0.8260869565217391
9f7cof,23,0.6086956521739131,0.8695652173913043
9f7cwp,75,0.56,0.7733333333333333
9f7eog,82,0.5853658536585366,0.8170731707317073
9f7iru,61,0.5737704918032787,0.7868852459016393
9f7jvm,51,0.6862745098039216,0.8431372549019608
9f7kuv,30,0.7666666666666667,0.9
9f7plw,124,0.6129032258064516,0.8225806451612904
9f7qe7,31,0.5483870967741935,0.7419354838709677
9f7qmn,30,0.5666666666666667,0.7666666666666667
9f7z12,101,0.6237623762376238,0.801980198019802
9f7zcl,30,0.5666666666666667,0.7666666666666667
9f841p,22,0.6818181818181818,0.8181818181818182
9f89h8,135,0.5259259259259259,0.7851851851851852
9f8aj7,146,0.5342465753424658,0.7808219178082192
9f8e3v,31,0.6774193548387096,0.8709677419354839
9f8erb,40,0.675,0.825
9f8fqc,36,0.6666666666666666,0.8333333333333334
9f8iiv,35,0.7142857142857143,0.8857142857142857
9f8ix5,23,0.4782608695652174,0.6956521739130435
9f8kso,23,0.7391304347826086,0.8695652173913043
9f8lba,34,0.5588235294117647,0.7941176470588235
9f8mny,20,0.65,0.8
9f8noy,30,0.7333333333333333,0.9
9f8p6v,26,0.5,0.7692307692307693
9f8ska,58,0.6724137931034483,0.8448275862068966
9f8u62,33,0.6363636363636364,0.7878787878787878
9f8ubz,161,0.6211180124223602,0.8198757763975155
9f9334,38,0.6842105263157895,0.8421052631578947
9f933z,31,0.6129032258064516,0.8064516129032258
9f94ce,27,0.5925925925925926,0.7777777777777778
9f98f1,52,0.6730769230769231,0.8461538461538461
9f9b31,65,0.5692307692307692,0.8
9f9cto,40,0.6,0.8
9f9cz7,114,0.6228070175438597,0.8070175438596491
9f9gyz,78,0.6025641025641025,0.8205128205128205
9f9h10,23,0.5652173913043478,0.7391304347826086
9f9imo,22,0.7272727272727273,0.8636363636363636
9f9iz0,31,0.6774193548387096,0.8387096774193549
9f9jaw,22,0.5909090909090909,0.7272727272727273
9f9kov,23,0.6521739130434783,0.8260869565217391
9f9lm2,20,0.7,0.9
9f9mw5,26,0.6923076923076923,0.8846153846153846
9f9nuz,25,0.64,0.84
9f9sx3,54,0.6481481481481481,0.7962962962962963
9f9upy,28,0.6071428571428571,0.7857142857142857
9f9y9f,23,0.6521739130434783,0.782608695652174
9f9yap,86,0.5465116279069767,0.7558139534883721
9f9z5j,27,0.7037037037037037,0.8518518518518519
9fa48l,35,0.6571428571428571,0.8285714285714286
9fa5z8,27,0.6666666666666666,0.8518518518518519
9fa6j4,40,0.7,0.875
9facdv,45,0.6222222222222222,0.8
9faglw,45,0.6222222222222222,0.8
9fain3,101,0.594059405940594,0.801980198019802
9fajaq,135,0.6444444444444445,0.8148148148148148
9fak0k,62,0.6290322580645161,0.8387096774193549
9fak14,26,0.6153846153846154,0.7692307692307693
9fal0z,58,0.603448275862069,0.7931034482758621
9faoit,54,0.6296296296296297,0.8148148148148148
9fav3x,32,0.625,0.8125
9fayll,25,0.72,0.84
9fb2hk,30,0.7,0.8333333333333334
9fb7aw,101,0.6138613861386139,0.7920792079207921
9fb7hi,39,0.5897435897435898,0.8461538461538461
9fbaqe,144,0.5763888888888888,0.7916666666666666
9fbaup,28,0.6071428571428571,0.8214285714285714
9fbb5l,143,0.6433566433566433,0.8181818181818182
9fbcix,277,0.6245487364620939,0.8122743682310469
9fbf3e,60,0.5833333333333334,0.7833333333333333
9fbhs5,24,0.625,0.8333333333333334
9fbkdp,22,0.5909090909090909,0.8181818181818182
9fbkfi,31,0.6451612903225806,0.8709677419354839
9fbomo,120,0.5916666666666667,0.8166666666666667
9fbqu9,56,0.5535714285714286,0.7678571428571429
9fbtnd,31,0.6774193548387096,0.8387096774193549
9fc155,20,0.7,0.85
9fc2rm,52,0.6730769230769231,0.8269230769230769
9fc4lv,49,0.673469387755102,0.8163265306122449
9fc5lo,39,0.717948717948718,0.8461538461538461
9fc5ta,22,0.7272727272727273,0.8636363636363636
9fc9xf,24,0.6666666666666666,0.8333333333333334
9fca7j,27,0.6666666666666666,0.8518518518518519
9fcazt,21,0.6190476190476191,0.8095238095238095
9fce23,28,0.5357142857142857,0.75
9fcnqx,22,0.6363636363636364,0.8636363636363636
9fcpq5,26,0.6538461538461539,0.8076923076923077
9fcvh2,25,0.72,0.88
9fcx3t,37,0.5945945945945946,0.7837837837837838
9fd0od,71,0.4788732394366197,0.7464788732394366
9fd130,44,0.7045454545454546,0.8409090909090909
9fd2s5,37,0.6216216216216216,0.8108108108108109
9fdd09,112,0.5982142857142857,0.7767857142857143
9fdkw2,41,0.6097560975609756,0.8292682926829268
9fdlol,22,0.6818181818181818,0.8181818181818182
9fdoh1,24,0.5833333333333334,0.7916666666666666
9fdovf,37,0.6216216216216216,0.7837837837837838
9fdoyz,43,0.5581395348837209,0.813953488372093
9fdrde,44,0.5227272727272727,0.75
9fdrwb,365,0.6136986301369863,0.7945205479452054
9fdsre,20,0.65,0.85
9fdxbw,26,0.6538461538461539,0.8461538461538461
9fdxmw,34,0.6176470588235294,0.7941176470588235
9fe08n,33,0.6363636363636364,0.7575757575757576
9fe1fo,115,0.6608695652173913,0.8434782608695652
9fe2ds,51,0.6274509803921569,0.8235294117647058
9fe4zw,23,0.6956521739130435,0.8695652173913043
9fe54o,49,0.6326530612244898,0.8367346938775511
9fe5uc,23,0.6521739130434783,0.782608695652174
9feafg,27,0.4074074074074074,0.6666666666666666
9feseo,29,0.6551724137931034,0.8275862068965517
9fessy,25,0.72,0.84
9fezrn,25,0.6,0.76
9ff2s6,110,0.6090909090909091,0.8090909090909091
9ff4bc,332,0.5512048192771084,0.7801204819277109
9ff900,35,0.6571428571428571,0.8571428571428571
9ffb3a,38,0.5263157894736842,0.7631578947368421
9ffbge,27,0.6296296296296297,0.8148148148148148
9ffkca,32,0.6875,0.8125
9ffx9q,20,0.65,0.8
9ffy76,24,0.7083333333333334,0.875
9ffzky,22,0.6818181818181818,0.8636363636363636
9fg2nf,150,0.5933333333333334,0.8066666666666666
9fg5ua,75,0.6,0.7866666666666666
9fgauc,44,0.6363636363636364,0.8409090909090909
9fgd9s,21,0.7619047619047619,0.9047619047619048
9fgdv5,121,0.5867768595041323,0.7851239669421488
9fgh6z,201,0.6417910447761194,0.8258706467661692
9fgpim,22,0.6818181818181818,0.8636363636363636
9fgqow,44,0.6590909090909091,0.8409090909090909
9fgu2t,31,0.6774193548387096,0.8064516129032258
9fgun1,340,0.5264705882352941,0.7558823529411764
9fgz53,59,0.6949152542372882,0.8305084745762712
9fgzvm,40,0.6,0.8
9fh0hd,32,0.65625,0.8125
9fh244,150,0.62,0.82
9fh597,52,0.6153846153846154,0.8076923076923077
9fh7yk,163,0.6012269938650306,0.7975460122699386
9fh8tu,38,0.6052631578947368,0.8421052631578947
9fhb9m,20,0.7,0.9
9fhbgy,89,0.6067415730337079,0.7865168539325843
9fhecm,431,0.5568445475638051,0.7703016241299304
9fhf09,64,0.65625,0.8125
9fhfqy,30,0.6666666666666666,0.8333333333333334
9fhhtw,33,0.6666666666666666,0.8484848484848485
9fhis1,115,0.5739130434782609,0.7739130434782608
9fhkas,49,0.5918367346938775,0.7959183673469388
9fhn81,60,0.6,0.8
9fhpga,24,0.7083333333333334,0.875
9fht3b,25,0.72,0.84
9fhtpg,59,0.5254237288135594,0.7457627118644068
9fhvas,445,0.6269662921348315,0.8089887640449438
9fhxyz,29,0.6896551724137931,0.8620689655172413
9fi2os,116,0.6724137931034483,0.8362068965517241
9fi6bb,22,0.6818181818181818,0.8636363636363636
9fi8m7,171,0.5730994152046783,0.7777777777777778
9ficoh,106,0.5754716981132075,0.7735849056603774
9ficwh,33,0.5757575757575758,0.7575757575757576
9fifai,48,0.6041666666666666,0.8333333333333334
9fio59,95,0.5894736842105263,0.8
9fix54,24,0.625,0.7916666666666666
9fixmf,22,0.5909090909090909,0.7727272727272727
9fixwh,31,0.6129032258064516,0.7419354838709677
9fizwi,51,0.7254901960784313,0.8627450980392157
9fj119,47,0.7021276595744681,0.8723404255319149
9fj3su,66,0.6060606060606061,0.7878787878787878
9fj5ax,28,0.6785714285714286,0.8214285714285714
9fj6w8,49,0.673469387755102,0.8367346938775511
9fj7ye,63,0.6349206349206349,0.8095238095238095
9fj8ci,44,0.6818181818181818,0.8636363636363636
9fjbdb,62,0.6129032258064516,0.7903225806451613
9fjgh3,22,0.5909090909090909,0.7727272727272727
9fjiob,24,0.625,0.8333333333333334
9fjjuc,24,0.7083333333333334,0.8333333333333334
9fjppm,26,0.6153846153846154,0.8461538461538461
9fjsim,123,0.5934959349593496,0.7967479674796748
9fk06g,28,0.6785714285714286,0.8928571428571429
9fk2rz,20,0.65,0.85
9fk5gp,62,0.5806451612903226,0.8064516129032258
9fk6wi,20,0.65,0.85
9fkamy,21,0.6190476190476191,0.8571428571428571
9fkcii,64,0.65625,0.8125
9fkcn4,65,0.6,0.7538461538461538
9fkgpy,234,0.5726495726495726,0.7735042735042735
9fkkqu,30,0.6666666666666666,0.8333333333333334
9fkl0m,34,0.6470588235294118,0.8529411764705882
9fklfw,34,0.6470588235294118,0.7941176470588235
9fkn7s,31,0.6129032258064516,0.8064516129032258
9fkpwk,20,0.6,0.85
9fkq96,226,0.6460176991150443,0.827433628318584
9fkqw3,20,0.6,0.85
9fks89,37,0.6486486486486487,0.8378378378378378
9fkvr9,25,0.64,0.8
9fkxkh,30,0.7,0.8333333333333334
9fky1b,23,0.7391304347826086,0.9130434782608695
9fkyjc,72,0.5694444444444444,0.7916666666666666
9fl1kc,50,0.56,0.8
9fl2ld,52,0.5769230769230769,0.7307692307692307
9fl2lq,98,0.5816326530612245,0.7755102040816326
9fl51e,64,0.65625,0.828125
9fl67u,37,0.6486486486486487,0.8108108108108109
9fl6g0,20,0.75,0.85
9flbru,53,0.6792452830188679,0.8490566037735849
9flcm9,271,0.5904059040590406,0.7970479704797048
9fleii,34,0.6764705882352942,0.8529411764705882
9fljop,21,0.6666666666666666,0.8095238095238095
9fllz2,180,0.6388888888888888,0.8166666666666667
9flna6,34,0.5,0.7352941176470589
9flo0g,61,0.6065573770491803,0.7868852459016393
9flog6,22,0.7272727272727273,0.8636363636363636
9fltw5,21,0.5714285714285714,0.7619047619047619
9flurb,38,0.5789473684210527,0.8157894736842105
9fm10l,20,0.7,0.85
9fm73n,20,0.6,0.8
9fm9n3,20,0.75,0.9
9fmb90,27,0.6666666666666666,0.8518518518518519
9fmitn,20,0.6,0.75
9fmkcf,149,0.5704697986577181,0.7718120805369127
9fmp4c,186,0.5967741935483871,0.7741935483870968
9fmu4v,30,0.6333333333333333,0.8
9fmyn7,35,0.6285714285714286,0.8
9fmz68,42,0.5952380952380952,0.8095238095238095
9fn83f,29,0.6896551724137931,0.8275862068965517
9fnbno,98,0.7142857142857143,0.8469387755102041
9fncuu,36,0.6388888888888888,0.8333333333333334
9fngs8,69,0.6521739130434783,0.8405797101449275
9fni0v,73,0.6712328767123288,0.8493150684931506
9fnnhd,29,0.6206896551724138,0.8275862068965517
9fnool,26,0.6538461538461539,0.8076923076923077
9fobm8,125,0.544,0.752
9fog6m,27,0.5925925925925926,0.7777777777777778
9folo7,25,0.72,0.88
9foqc1,102,0.6274509803921569,0.8235294117647058
9foqzq,116,0.5689655172413793,0.7758620689655172
9fov5d,23,0.6956521739130435,0.8695652173913043
9foxiq,43,0.6511627906976745,0.813953488372093
9fozey,27,0.6296296296296297,0.8518518518518519
9fp2k1,32,0.59375,0.84375
9fpeaw,48,0.6875,0.8333333333333334
9fphnf,23,0.6086956521739131,0.8695652173913043
9fpjts,58,0.5862068965517241,0.7931034482758621
9fpqrr,222,0.5675675675675675,0.7792792792792793
9fpwr9,30,0.7333333333333333,0.8666666666666667
9fq0zy,49,0.6122448979591837,0.8163265306122449
9fq3la,90,0.5777777777777777,0.7777777777777778
9fq77u,122,0.6475409836065574,0.819672131147541
9fqa6c,25,0.64,0.84
9fqbgo,21,0.6190476190476191,0.8095238095238095
9fqc0y,21,0.6666666666666666,0.8095238095238095
9fqca2,56,0.6785714285714286,0.8214285714285714
9fqcsc,54,0.6481481481481481,0.7962962962962963
9fqdr9,23,0.6086956521739131,0.782608695652174
9fqevh,90,0.6222222222222222,0.7888888888888889
9fqeza,80,0.6125,0.7875
9fqgo4,34,0.6764705882352942,0.8529411764705882
9fqrit,58,0.6206896551724138,0.7931034482758621
9fqtry,31,0.7096774193548387,0.8387096774193549
9fqw1g,26,0.6923076923076923,0.8461538461538461
9fqxd1,22,0.6818181818181818,0.8636363636363636
9fqxjd,26,0.6538461538461539,0.8076923076923077
9fr0u4,42,0.6904761904761905,0.8571428571428571
9fr0z3,387,0.599483204134367,0.8010335917312662
9fr14r,52,0.5961538461538461,0.8076923076923077
9fr2p0,20,0.6,0.75
9fr4jt,26,0.6538461538461539,0.8461538461538461
9fr8we,30,0.6666666666666666,0.8333333333333334
9frat0,32,0.65625,0.84375
9frbti,26,0.6153846153846154,0.8461538461538461
9frcxa,128,0.5,0.765625
9frfks,40,0.625,0.825
9frhbi,25,0.68,0.84
9fro3v,21,0.6190476190476191,0.8095238095238095
9frptq,104,0.6634615384615384,0.8365384615384616
9frq51,48,0.6666666666666666,0.8125
9frs1z,132,0.5454545454545454,0.7575757575757576
9frs8r,38,0.631578947368421,0.7894736842105263
9frsfi,39,0.6923076923076923,0.8205128205128205
9fs1k9,53,0.6415094339622641,0.8113207547169812
9fs26r,62,0.6129032258064516,0.7903225806451613
9fs5ew,32,0.53125,0.78125
9fsbzv,60,0.6333333333333333,0.8333333333333334
9fsct8,703,0.5533428165007113,0.7610241820768137
9fsd45,26,0.6153846153846154,0.8461538461538461
9fsdwj,21,0.6666666666666666,0.8571428571428571
9fsibe,86,0.6046511627906976,0.7906976744186046
9fsj3t,34,0.6176470588235294,0.8529411764705882
9fsj8d,331,0.525679758308157,0.7613293051359517
9fsolf,22,0.5909090909090909,0.7727272727272727
9fss7w,47,0.6382978723404256,0.8085106382978723
9fsvvc,44,0.6818181818181818,0.8409090909090909
9fswu7,78,0.6666666666666666,0.8205128205128205
9fszzj,29,0.4827586206896552,0.7241379310344828
9ft32a,30,0.6333333333333333,0.8333333333333334
9ft8oc,34,0.6764705882352942,0.8529411764705882
9ftaam,24,0.6666666666666666,0.8333333333333334
9ftdmk,33,0.7272727272727273,0.8484848484848485
9fterv,52,0.6923076923076923,0.8461538461538461
9fteyj,61,0.5737704918032787,0.8032786885245902
9ftlja,25,0.56,0.8
9ftnam,122,0.5901639344262295,0.7950819672131147
9fts7t,76,0.6447368421052632,0.8421052631578947
9ftt04,151,0.5894039735099338,0.7748344370860927
9ftv29,34,0.6470588235294118,0.8823529411764706
9fu4vb,105,0.6,0.7714285714285715
9fu7db,21,0.7142857142857143,0.8571428571428571
9fu83j,48,0.6458333333333334,0.8125
9fu95q,51,0.5882352941176471,0.7843137254901961
9fuayf,96,0.6145833333333334,0.78125
9fub9d,420,0.5738095238095238,0.7833333333333333
9fug1i,20,0.65,0.85
9fukhm,24,0.6666666666666666,0.7916666666666666
9fumw2,21,0.7142857142857143,0.8571428571428571
9funh5,113,0.6283185840707964,0.8141592920353983
9funpk,24,0.625,0.8333333333333334
9fuuxh,189,0.6084656084656085,0.798941798941799
9fuxgv,47,0.5957446808510638,0.7872340425531915
9fv2by,20,0.5,0.75
9fv5rd,22,0.5909090909090909,0.8181818181818182
9fvbrc,55,0.6909090909090909,0.8363636363636363
9fvghy,31,0.6451612903225806,0.8387096774193549
9fvgtj,26,0.6923076923076923,0.8846153846153846
9fvioh,35,0.6285714285714286,0.8857142857142857
9fvqyv,24,0.625,0.8333333333333334
9fvsh2,21,0.6666666666666666,0.8571428571428571
9fvx3m,37,0.5675675675675675,0.7837837837837838
9fw6ov,26,0.6153846153846154,0.8076923076923077
9fwav8,24,0.7083333333333334,0.875
9fwdvr,28,0.6071428571428571,0.8214285714285714
9fwdwv,34,0.6764705882352942,0.8235294117647058
9fwk4s,432,0.6273148148148148,0.8055555555555556
9fwode,54,0.6296296296296297,0.7962962962962963
9fwpgb,52,0.6730769230769231,0.8269230769230769
9fx7hj,31,0.6451612903225806,0.8387096774193549
9fxjkl,32,0.65625,0.8125
9fxjud,95,0.631578947368421,0.7894736842105263
9fxnqu,42,0.5714285714285714,0.7619047619047619
9fxuln,22,0.6363636363636364,0.8181818181818182
9fxwl0,30,0.6666666666666666,0.8333333333333334
9fxypq,26,0.6538461538461539,0.8461538461538461
9fy6u2,187,0.5935828877005348,0.7967914438502673
9fy7d0,92,0.5760869565217391,0.782608695652174
9fy8t6,34,0.7058823529411765,0.8823529411764706
9fyb7i,23,0.5217391304347826,0.7391304347826086
9fyn7u,21,0.6190476190476191,0.7619047619047619
9fz3qo,27,0.6666666666666666,0.8148148148148148
9fz5ut,20,0.7,0.85
9fz61i,32,0.65625,0.8125
9fz88s,28,0.6071428571428571,0.7857142857142857
9fz89u,24,0.6666666666666666,0.8333333333333334
9fz8bl,23,0.6956521739130435,0.8695652173913043
9fzk55,42,0.6666666666666666,0.8333333333333334
9fzomp,83,0.5903614457831325,0.7831325301204819
9fzozp,21,0.5714285714285714,0.8095238095238095
9fzpc0,58,0.6551724137931034,0.8275862068965517
9fzsk3,25,0.68,0.8
9fzvtp,38,0.631578947368421,0.8157894736842105
9fzw21,78,0.5897435897435898,0.782051282051282
9fzy1s,23,0.6086956521739131,0.8695652173913043
9g03ho,22,0.6363636363636364,0.8181818181818182
9g0402,33,0.6363636363636364,0.7878787878787878
9g05z9,37,0.6486486486486487,0.8378378378378378
9g06jx,50,0.54,0.78
9g0c6k,20,0.6,0.8
9g0gcj,21,0.7142857142857143,0.8571428571428571
9g0krp,50,0.62,0.8
9g0l5b,45,0.6888888888888889,0.8444444444444444
9g0n3g,126,0.6190476190476191,0.7936507936507936
9g0o9s,40,0.65,0.825
9g0oi7,87,0.6206896551724138,0.8045977011494253
9g0pnb,21,0.6666666666666666,0.8571428571428571
9g0ptr,39,0.6666666666666666,0.8461538461538461
9g0ssf,45,0.6444444444444445,0.8
9g0tg7,34,0.5882352941176471,0.7647058823529411
9g0vnj,267,0.5131086142322098,0.7378277153558053
9g0x21,95,0.6105263157894737,0.8105263157894737
9g0x8m,22,0.6363636363636364,0.8181818181818182
9g0xho,115,0.5739130434782609,0.7913043478260869
9g10yq,31,0.6774193548387096,0.8387096774193549
9g19j5,83,0.5903614457831325,0.7951807228915663
9g1bf1,101,0.693069306930693,0.8514851485148515
9g1lxz,42,0.6428571428571429,0.8333333333333334
9g1mi0,30,0.6666666666666666,0.8333333333333334
9g1nb2,22,0.5909090909090909,0.8181818181818182
9g1p7j,28,0.5714285714285714,0.8214285714285714
9g21n5,61,0.6229508196721312,0.819672131147541
9g24ir,36,0.6666666666666666,0.8333333333333334
9g2e34,56,0.6071428571428571,0.7678571428571429
9g2g4x,30,0.5666666666666667,0.8
9g2lrf,28,0.6785714285714286,0.8214285714285714
9g2nv1,20,0.65,0.85
9g2ot5,25,0.68,0.88
9g2sih,38,0.631578947368421,0.8157894736842105
9g2vm4,68,0.5441176470588235,0.7794117647058824
9g37l9,103,0.5631067961165048,0.7766990291262136
9g39w5,31,0.7096774193548387,0.8709677419354839
9g3ll1,24,0.6666666666666666,0.8333333333333334
9g3m7h,21,0.7142857142857143,0.8571428571428571
9g3r04,79,0.6075949367088608,0.810126582278481
9g3uui,42,0.6190476190476191,0.8095238095238095
9g3y9l,57,0.6491228070175439,0.8421052631578947
9g40mn,41,0.6097560975609756,0.8048780487804879
9g41qr,27,0.6666666666666666,0.8518518518518519
9g46ky,25,0.68,0.84
9g48h6,24,0.625,0.7916666666666666
9g49o0,346,0.5924855491329479,0.7803468208092486
9g4doy,22,0.5909090909090909,0.7727272727272727
9g4e8y,20,0.6,0.85
9g4fy4,25,0.68,0.84
9g4j2z,72,0.6388888888888888,0.8055555555555556
9g4ldq,30,0.7,0.8666666666666667
9g4md3,21,0.6666666666666666,0.8571428571428571
9g4tka,35,0.4857142857142857,0.7142857142857143
9g4tw6,128,0.5703125,0.78125
9g53hj,102,0.5784313725490197,0.7745098039215687
9g5oir,30,0.6333333333333333,0.8
9g5uxt,60,0.5833333333333334,0.8
9g5vys,36,0.6666666666666666,0.8611111111111112
9g60e8,32,0.59375,0.78125
9g64ng,27,0.7407407407407407,0.8888888888888888
9g664j,87,0.6436781609195402,0.7931034482758621
9g66rl,20,0.7,0.85
9g6a8v,36,0.6111111111111112,0.8333333333333334
9g6c6s,29,0.6206896551724138,0.8620689655172413
9g6fiu,21,0.6666666666666666,0.8571428571428571
9g6k4u,23,0.6521739130434783,0.8260869565217391
9g6klz,27,0.6666666666666666,0.8518518518518519
9g6ntx,27,0.7037037037037037,0.8518518518518519
9g6xqg,34,0.7058823529411765,0.8529411764705882
9g72e2,32,0.625,0.8125
9g738y,147,0.5986394557823129,0.7959183673469388
9g7lrw,23,0.6521739130434783,0.8260869565217391
9g7mjt,104,0.5865384615384616,0.7596153846153846
9g7z62,28,0.6428571428571429,0.8214285714285714
9g84hf,25,0.68,0.84
9g8520,23,0.6956521739130435,0.8260869565217391
9g89tv,40,0.7,0.85
9g8akg,24,0.6666666666666666,0.7916666666666666
9g8dbc,100,0.58,0.78
9g8l3j,26,0.6923076923076923,0.8461538461538461
9g8n5r,22,0.6363636363636364,0.8181818181818182
9g8oss,134,0.6567164179104478,0.8283582089552238
9g8pg6,131,0.6259541984732825,0.8091603053435115
9g8pua,20,0.65,0.8
9g8q79,50,0.56,0.8
9g8u3j,38,0.6842105263157895,0.8421052631578947
9g8wnw,25,0.6,0.8
9g8ysd,37,0.6486486486486487,0.8378378378378378
9g90ex,37,0.6756756756756757,0.8108108108108109
9g96yo,28,0.6071428571428571,0.8214285714285714
9g9ju0,28,0.6785714285714286,0.8571428571428571
9g9k6h,35,0.5714285714285714,0.7714285714285715
9g9v4f,88,0.6477272727272727,0.8295454545454546
9g9vkt,81,0.6172839506172839,0.7777777777777778
9g9w1l,39,0.6923076923076923,0.8461538461538461
9g9z60,28,0.6071428571428571,0.8214285714285714
9g9zlj,28,0.6428571428571429,0.7857142857142857
9ga25c,253,0.5849802371541502,0.7984189723320159
9ga5qc,141,0.6099290780141844,0.8014184397163121
9ga5tg,44,0.6590909090909091,0.8181818181818182
9ga7wl,38,0.6578947368421053,0.868421052631579
9ga8sz,68,0.6176470588235294,0.8088235294117647
9ga9dt,122,0.5819672131147541,0.7704918032786885
9ga9n7,21,0.7619047619047619,0.8571428571428571
9ga9xj,20,0.55,0.8
9gad1w,25,0.72,0.84
9gaeui,30,0.6,0.8333333333333334
9gajvj,43,0.6511627906976745,0.8372093023255814
9ganm6,25,0.76,0.84
9gaqu9,20,0.7,0.85
9garhl,22,0.6363636363636364,0.8636363636363636
9gavjs,29,0.7586206896551724,0.896551724137931
9gb1xj,38,0.5,0.7368421052631579
9gb3f8,31,0.7419354838709677,0.8709677419354839
9gb412,92,0.6195652173913043,0.8043478260869565
9gb5q7,50,0.62,0.84
9gbg14,22,0.6818181818181818,0.8636363636363636
9gbg60,41,0.7073170731707317,0.8536585365853658
9gbjaa,109,0.6330275229357798,0.8165137614678899
9gbldj,28,0.75,0.8571428571428571
9gbnjc,24,0.375,0.5833333333333334
9gbnus,76,0.6052631578947368,0.7894736842105263
9gbog5,77,0.5844155844155844,0.7922077922077922
9gbp81,23,0.5217391304347826,0.782608695652174
9gbq1b,195,0.6410256410256411,0.8153846153846154
9gbwgn,56,0.6071428571428571,0.8035714285714286
9gc1bj,27,0.6666666666666666,0.8518518518518519
9gc27b,58,0.46551724137931033,0.7586206896551724
9gc7mj,31,0.5483870967741935,0.7741935483870968
9gc7zy,26,0.6538461538461539,0.8461538461538461
9gcaba,23,0.5652173913043478,0.7391304347826086
9gcbqv,83,0.6626506024096386,0.8313253012048193
9gcdf2,25,0.72,0.84
9gcgjg,29,0.6896551724137931,0.8620689655172413
9gciku,24,0.75,0.875
9gcv4m,20,0.75,0.85
9gcvhm,21,0.6666666666666666,0.8571428571428571
9gcvnj,20,0.65,0.85
9gcynd,38,0.6052631578947368,0.7894736842105263
9gcz88,41,0.5365853658536586,0.7804878048780488
9gd331,103,0.6310679611650486,0.8155339805825242
9gd9by,35,0.6285714285714286,0.8
9gdg7w,54,0.7037037037037037,0.8518518518518519
9gdjw2,45,0.6444444444444445,0.8444444444444444
9gdmwa,41,0.5609756097560976,0.7804878048780488
9gdqxi,44,0.5454545454545454,0.7954545454545454
9gdyb7,26,0.6538461538461539,0.8076923076923077
9ge10z,41,0.6341463414634146,0.8048780487804879
9ge7ix,33,0.5454545454545454,0.7878787878787878
9ge8y8,21,0.6666666666666666,0.8095238095238095
9gebpq,21,0.6666666666666666,0.8095238095238095
9gedo8,27,0.6296296296296297,0.7777777777777778
9gee37,39,0.6923076923076923,0.8205128205128205
9gelg3,20,0.6,0.75
9gempm,48,0.625,0.8125
9gemqr,21,0.6666666666666666,0.8571428571428571
9gerna,39,0.6153846153846154,0.7948717948717948
9gew8i,51,0.6078431372549019,0.7843137254901961
9gf3tf,140,0.5857142857142857,0.7857142857142857
9gf5na,102,0.5882352941176471,0.7941176470588235
9gf7i8,28,0.6428571428571429,0.8214285714285714
9gfa35,27,0.6296296296296297,0.8148148148148148
9gfgx6,35,0.5428571428571428,0.7428571428571429
9gfjjo,172,0.6337209302325582,0.8197674418604651
9gfxh7,33,0.6666666666666666,0.8181818181818182
9gg1xu,24,0.7083333333333334,0.875
9gg65j,29,0.6551724137931034,0.8275862068965517
9ggc7o,21,0.6190476190476191,0.7619047619047619
9ggdrp,26,0.7307692307692307,0.8846153846153846
9ggee8,26,0.6153846153846154,0.8076923076923077
9ggk2j,47,0.6382978723404256,0.8297872340425532
9gglqe,32,0.625,0.8125
9ggtl2,30,0.7,0.8666666666666667
9ggtp5,21,0.7142857142857143,0.8571428571428571
9gh72b,72,0.625,0.8194444444444444
9ghcs7,22,0.6818181818181818,0.8636363636363636
9ghfdq,52,0.6538461538461539,0.8269230769230769
9ghgv0,25,0.48,0.72
9ghnki,72,0.5416666666666666,0.75
9ghsek,43,0.6511627906976745,0.813953488372093
9gi9x1,26,0.6538461538461539,0.8076923076923077
9gika0,59,0.6610169491525424,0.847457627118644
9giujh,20,0.7,0.9
9gix1f,163,0.6012269938650306,0.803680981595092
9gixw7,41,0.5365853658536586,0.7560975609756098
9giysu,74,0.6486486486486487,0.8243243243243243
9giyyf,256,0.60546875,0.796875
9gizfx,50,0.54,0.78
9gj11i,33,0.5151515151515151,0.7272727272727273
9gj8zs,302,0.5662251655629139,0.7748344370860927
9gj9km,22,0.5454545454545454,0.5454545454545454
9gjem2,24,0.625,0.8333333333333334
9gjglx,40,0.65,0.825
9gjgm2,24,0.6666666666666666,0.8333333333333334
9gjiqc,23,0.782608695652174,0.8695652173913043
9gjow9,26,0.5769230769230769,0.8076923076923077
9gjrwn,37,0.5945945945945946,0.8108108108108109
9gjs5b,46,0.6304347826086957,0.8260869565217391
9gjso4,66,0.5303030303030303,0.7727272727272727
9gjvkq,51,0.6274509803921569,0.803921568627451
9gjwc3,38,0.6052631578947368,0.7631578947368421
9gjyn0,20,0.65,0.8
9gjzt2,29,0.6206896551724138,0.7931034482758621
9gk00e,113,0.584070796460177,0.7787610619469026
9gk3r1,113,0.6106194690265486,0.7964601769911505
9gk4jt,21,0.7142857142857143,0.8571428571428571
9gk5ks,32,0.5625,0.78125
9gk7lg,29,0.6206896551724138,0.7931034482758621
9gk7rd,121,0.5867768595041323,0.7272727272727273
9gkikb,42,0.6190476190476191,0.8095238095238095
9gkj75,71,0.6197183098591549,0.8169014084507042
9gkktj,53,0.6037735849056604,0.7547169811320755
9gklnj,30,0.5333333333333333,0.7333333333333333
9gkmtm,26,0.5384615384615384,0.7692307692307693
9gknq9,113,0.6548672566371682,0.8230088495575221
9gkp5n,47,0.574468085106383,0.7872340425531915
9gkqgp,38,0.6842105263157895,0.8421052631578947
9gkt3t,35,0.6,0.7428571428571429
9gkxdr,44,0.6818181818181818,0.8181818181818182
9gl2jn,45,0.6,0.8
9gl4gv,28,0.5357142857142857,0.8214285714285714
9gl6jv,70,0.6285714285714286,0.8142857142857143
9glizk,74,0.6351351351351351,0.8243243243243243
9glpzk,21,0.6666666666666666,0.8571428571428571
9glqxv,21,0.6190476190476191,0.8095238095238095
9glser,24,0.6666666666666666,0.875
9glxw6,99,0.6262626262626263,0.797979797979798
9glzrs,67,0.6119402985074627,0.8059701492537313
9glzsa,29,0.6206896551724138,0.7931034482758621
9gm2el,30,0.7333333333333333,0.8666666666666667
9gm3cr,42,0.6428571428571429,0.7857142857142857
9gm4tk,37,0.6216216216216216,0.8378378378378378
9gm67g,42,0.6666666666666666,0.8095238095238095
9gmaay,42,0.6904761904761905,0.8571428571428571
9gmjq1,35,0.7142857142857143,0.8285714285714286
9gmm9b,24,0.6666666666666666,0.8333333333333334
9gmml2,139,0.5899280575539568,0.7841726618705036
9gmvf1,31,0.7096774193548387,0.8387096774193549
9gmy77,24,0.6666666666666666,0.7916666666666666
9gn151,24,0.75,0.8333333333333334
9gn3xa,148,0.5878378378378378,0.8040540540540541
9gn48k,21,0.7142857142857143,0.8571428571428571
9gn4az,37,0.6216216216216216,0.8108108108108109
9gn6rv,20,0.65,0.85
9gn75z,32,0.59375,0.78125
9gn7uh,78,0.6282051282051282,0.8333333333333334
9gn9g2,31,0.6451612903225806,0.9032258064516129
9gnfkv,21,0.7142857142857143,0.8571428571428571
9gnhpo,26,0.5769230769230769,0.7692307692307693
9gnl45,86,0.6744186046511628,0.872093023255814
9gnlf6,27,0.5925925925925926,0.7777777777777778
9gnrqe,28,0.5714285714285714,0.75
9gnvji,23,0.6521739130434783,0.8695652173913043
9gnwkh,93,0.6129032258064516,0.8064516129032258
9gnxrp,43,0.4883720930232558,0.7674418604651163
9gnzl6,32,0.59375,0.8125
9go1f3,21,0.7142857142857143,0.9047619047619048
9go8ul,56,0.5714285714285714,0.7857142857142857
9gocul,39,0.6410256410256411,0.8461538461538461
9gogtm,30,0.6333333333333333,0.7666666666666667
9gokji,45,0.6444444444444445,0.8222222222222222
9gomgb,20,0.65,0.85
9gonqf,25,0.52,0.72
9goom2,21,0.5714285714285714,0.7619047619047619
9gor0n,61,0.5409836065573771,0.7704918032786885
9goskg,66,0.6212121212121212,0.7727272727272727
9got6l,28,0.6071428571428571,0.8214285714285714
9govbk,58,0.603448275862069,0.8103448275862069
9govsu,68,0.6029411764705882,0.7794117647058824
9gozhq,20,0.75,0.85
9gp6l2,338,0.5946745562130178,0.7751479289940828
9gpar4,20,0.65,0.8
9gph5c,62,0.5645161290322581,0.7741935483870968
9gphjh,32,0.625,0.84375
9gpkhh,56,0.6785714285714286,0.8392857142857143
9gpnpf,20,0.7,0.85
9gprm5,49,0.6122448979591837,0.7959183673469388
9gpxf9,54,0.5185185185185185,0.7222222222222222
9gpyce,50,0.66,0.84
9gq3vx,25,0.68,0.88
9gqblb,20,0.75,0.9
9gqe95,53,0.6415094339622641,0.8301886792452831
9gqfc1,96,0.5729166666666666,0.78125
9gqgne,20,0.7,0.85
9gqj94,29,0.5517241379310345,0.7586206896551724
9gqn49,23,0.5652173913043478,0.782608695652174
9gqu06,21,0.7142857142857143,0.9047619047619048
9gqzc6,41,0.5365853658536586,0.7804878048780488
9gr2s5,23,0.6956521739130435,0.8695652173913043
9gr3dz,20,0.7,0.9
9gr4xk,33,0.7272727272727273,0.8787878787878788
9gr7ye,25,0.68,0.88
9grkcj,568,0.6267605633802817,0.8063380281690141
9grl2k,65,0.5692307692307692,0.7846153846153846
9grl68,24,0.5833333333333334,0.7916666666666666
9grmiw,24,0.6666666666666666,0.8333333333333334
9grut5,78,0.6410256410256411,0.7948717948717948
9gs08s,41,0.6585365853658537,0.8292682926829268
9gs19c,24,0.6666666666666666,0.8333333333333334
9gs8h3,48,0.7083333333333334,0.8541666666666666
9gsqbd,36,0.7222222222222222,0.8888888888888888
9gsqp0,39,0.5897435897435898,0.7948717948717948
9gsr8v,45,0.6666666666666666,0.8444444444444444
9gsvt5,51,0.5882352941176471,0.7647058823529411
9gt1mb,20,0.65,0.9
9gt4cs,33,0.6666666666666666,0.8181818181818182
9gt4q1,47,0.6382978723404256,0.8297872340425532
9gt4x7,62,0.5806451612903226,0.7741935483870968
9gt5sp,36,0.6666666666666666,0.8611111111111112
9gtfxm,33,0.5757575757575758,0.8181818181818182
9gtgx7,92,0.6195652173913043,0.7934782608695652
9gthts,54,0.6296296296296297,0.8148148148148148
9gti8f,63,0.5555555555555556,0.8095238095238095
9gtodg,27,0.5185185185185185,0.7777777777777778
9gtt18,176,0.6420454545454546,0.8011363636363636
9gtu7v,33,0.5151515151515151,0.7272727272727273
9gtwhr,26,0.6538461538461539,0.8461538461538461
9gtxc9,35,0.6857142857142857,0.8285714285714286
9gu05h,34,0.5882352941176471,0.7352941176470589
9gu0d3,147,0.6598639455782312,0.8231292517006803
9gu0tj,30,0.5333333333333333,0.7333333333333333
9gu3gs,23,0.6956521739130435,0.8695652173913043
9gu7x2,27,0.6296296296296297,0.8148148148148148
9gu9c9,24,0.6666666666666666,0.875
9gubad,29,0.6551724137931034,0.8275862068965517
9gud3i,42,0.6428571428571429,0.8095238095238095
9gue1m,66,0.6363636363636364,0.803030303030303
9gue27,30,0.7,0.8666666666666667
9gug6o,48,0.6458333333333334,0.8125
9gug7p,249,0.6305220883534136,0.8112449799196787
9guhkg,28,0.7142857142857143,0.8214285714285714
9guhsv,20,0.7,0.75
9guiia,282,0.6099290780141844,0.7872340425531915
9gum7p,24,0.625,0.8333333333333334
9gup10,244,0.5450819672131147,0.7704918032786885
9gutti,48,0.5833333333333334,0.8125
9guu1e,832,0.5841346153846154,0.78125
9guv6q,35,0.6857142857142857,0.8571428571428571
9guvzf,170,0.6058823529411764,0.7941176470588235
9guy4m,122,0.5491803278688525,0.7540983606557377
9guz6w,25,0.72,0.88
9gv28i,50,0.48,0.74
9gv3q3,69,0.6521739130434783,0.8115942028985508
9gv4xk,28,0.6428571428571429,0.75
9gv6uu,23,0.7391304347826086,0.8695652173913043
9gv9xf,34,0.6764705882352942,0.8235294117647058
9gva1g,22,0.6363636363636364,0.8181818181818182
9gvbnu,35,0.6571428571428571,0.8571428571428571
9gvc97,81,0.6666666666666666,0.8271604938271605
9gvduu,40,0.675,0.85
9gvff7,82,0.6463414634146342,0.8048780487804879
9gvfpf,70,0.6142857142857143,0.8142857142857143
9gvgqw,53,0.6981132075471698,0.8490566037735849
9gvim7,22,0.6363636363636364,0.8636363636363636
9gvjuj,37,0.7297297297297297,0.8648648648648649
9gvnf4,31,0.6774193548387096,0.8387096774193549
9gvp6n,26,0.4230769230769231,0.7307692307692307
9gvqse,76,0.6447368421052632,0.8289473684210527
9gvu2p,56,0.6607142857142857,0.8392857142857143
9gvu5x,37,0.6486486486486487,0.8108108108108109
9gw0oa,20,0.55,0.75
9gw31o,21,0.5714285714285714,0.7619047619047619
9gw385,23,0.7391304347826086,0.8695652173913043
9gw4zw,96,0.6875,0.8125
9gwa3i,36,0.6388888888888888,0.8055555555555556
9gwfej,80,0.575,0.775
9gwn3n,22,0.5909090909090909,0.8181818181818182
9gwnmo,31,0.6129032258064516,0.8064516129032258
9gwqbr,62,0.6290322580645161,0.8225806451612904
9gws7x,61,0.5409836065573771,0.7540983606557377
9gwsjq,49,0.673469387755102,0.8367346938775511
9gwwqh,46,0.5869565217391305,0.7391304347826086
9gwzyn,59,0.6271186440677966,0.8135593220338984
9gx03v,28,0.6785714285714286,0.8214285714285714
9gx4mu,29,0.6206896551724138,0.8275862068965517
9gx8q8,122,0.6065573770491803,0.8032786885245902
9gx9u9,36,0.5833333333333334,0.8055555555555556
9gxg5h,70,0.5857142857142857,0.8
9gximk,83,0.5662650602409639,0.7951807228915663
9gxkbu,185,0.6432432432432432,0.8216216216216217
9gxkni,23,0.6086956521739131,0.8260869565217391
9gxl8w,24,0.5833333333333334,0.75
9gxoqz,21,0.5714285714285714,0.7619047619047619
9gxpoc,93,0.6559139784946236,0.8387096774193549
9gxzj5,30,0.7333333333333333,0.8666666666666667
9gy2le,22,0.6818181818181818,0.8636363636363636
9gy72l,114,0.5263157894736842,0.7631578947368421
9gy9ed,41,0.6829268292682927,0.8780487804878049
9gyaai,36,0.6666666666666666,0.8333333333333334
9gynns,35,0.5714285714285714,0.8
9gys89,616,0.5422077922077922,0.7646103896103896
9gyxe0,131,0.6259541984732825,0.8091603053435115
9gyz3p,25,0.56,0.76
9gyz6t,29,0.7241379310344828,0.8620689655172413
9gyzm5,76,0.6447368421052632,0.8026315789473685
9gz0q1,40,0.625,0.825
9gz8zi,57,0.631578947368421,0.8070175438596491
9gzdws,143,0.5524475524475524,0.7552447552447552
9gzmo7,51,0.5098039215686274,0.7450980392156863
9gzo9l,55,0.6545454545454545,0.8181818181818182
9gzrj5,26,0.6538461538461539,0.8076923076923077
9h0278,26,0.5384615384615384,0.6923076923076923
9h056a,21,0.7142857142857143,0.8571428571428571
9h074v,65,0.676923076923077,0.8307692307692308
9h0gz5,135,0.5925925925925926,0.8
9h0hzm,53,0.6226415094339622,0.8113207547169812
9h0lt2,24,0.7083333333333334,0.875
9h0rze,24,0.7083333333333334,0.875
9h0syk,35,0.5714285714285714,0.8
9h0z0f,840,0.525,0.75
9h14xs,32,0.71875,0.875
9h1cfr,55,0.6363636363636364,0.8181818181818182
9h1jq7,22,0.6363636363636364,0.8636363636363636
9h1kk5,31,0.6129032258064516,0.8064516129032258
9h1kk8,90,0.6333333333333333,0.8
9h1r5v,20,0.6,0.8
9h1rtr,25,0.68,0.84
9h1t2f,103,0.6504854368932039,0.8252427184466019
9h20pz,77,0.6363636363636364,0.8441558441558441
9h24o5,219,0.5981735159817352,0.7945205479452054
9h2dpt,37,0.6756756756756757,0.8648648648648649
9h2ioh,27,0.7777777777777778,0.8518518518518519
9h2luj,232,0.5818965517241379,0.7931034482758621
9h2mn4,41,0.6585365853658537,0.8292682926829268
9h2tkc,58,0.6379310344827587,0.8275862068965517
9h3gne,224,0.5669642857142857,0.7767857142857143
9h3gwn,272,0.5772058823529411,0.7720588235294118
9h3hdl,20,0.75,0.9
9h3iai,111,0.6036036036036037,0.8018018018018018
9h3nlh,38,0.631578947368421,0.7894736842105263
9h3tgb,53,0.6415094339622641,0.8490566037735849
9h3uk0,54,0.7037037037037037,0.7962962962962963
9h3z6m,58,0.6379310344827587,0.8275862068965517
9h45ae,102,0.6470588235294118,0.8235294117647058
9h47vq,22,0.6363636363636364,0.8181818181818182
9h484k,33,0.6666666666666666,0.8484848484848485
9h4c8e,81,0.654320987654321,0.8024691358024691
9h4cpk,28,0.5714285714285714,0.7857142857142857
9h4evp,37,0.6216216216216216,0.7837837837837838
9h4ge8,44,0.6590909090909091,0.7954545454545454
9h4n0r,103,0.4854368932038835,0.7087378640776699
9h4rek,169,0.591715976331361,0.7988165680473372
9h4rno,26,0.5769230769230769,0.7692307692307693
9h4t4f,206,0.616504854368932,0.7961165048543689
9h4twv,32,0.59375,0.78125
9h4u4s,174,0.5804597701149425,0.7873563218390804
9h4vhu,35,0.6571428571428571,0.8285714285714286
9h4w7q,47,0.574468085106383,0.7446808510638298
9h4yxo,30,0.6666666666666666,0.8666666666666667
9h4z4y,32,0.625,0.8125
9h4zg7,25,0.68,0.84
9h4zng,35,0.6,0.8
9h501o,100,0.7,0.85
9h53he,28,0.6071428571428571,0.8214285714285714
9h53l0,128,0.625,0.8125
9h540e,29,0.5862068965517241,0.7241379310344828
9h55j1,37,0.5945945945945946,0.8378378378378378
9h56iw,44,0.6590909090909091,0.8181818181818182
9h56sn,29,0.6551724137931034,0.8275862068965517
9h58nr,64,0.703125,0.859375
9h59ud,77,0.5844155844155844,0.7922077922077922
9h5ai1,25,0.68,0.84
9h5av7,52,0.6730769230769231,0.8653846153846154
9h5fut,35,0.5428571428571428,0.7428571428571429
9h5mev,27,0.5555555555555556,0.7407407407407407
9h5mnw,30,0.7333333333333333,0.8666666666666667
9h5nma,60,0.6333333333333333,0.8333333333333334
9h5oi0,698,0.5616045845272206,0.7679083094555874
9h5u7l,30,0.6,0.8
9h5wvh,20,0.65,0.85
9h62o8,21,0.6666666666666666,0.8571428571428571
9h633h,137,0.6131386861313869,0.781021897810219
9h63fz,155,0.5741935483870968,0.7935483870967742
9h646i,31,0.06451612903225806,0.4838709677419355
9h6jnz,114,0.543859649122807,0.8070175438596491
9h6kym,77,0.5584415584415584,0.7532467532467533
9h6tda,24,0.75,0.875
9h6wf1,77,0.6493506493506493,0.8311688311688312
9h6wx0,29,0.6551724137931034,0.8275862068965517
9h70mr,30,0.6,0.8333333333333334
9h71xy,264,0.48484848484848486,0.7575757575757576
9h72yt,52,0.5961538461538461,0.7884615384615384
9h750x,54,0.5925925925925926,0.7962962962962963
9h7738,39,0.6666666666666666,0.8205128205128205
9h77dt,24,0.625,0.7916666666666666
9h7ar9,63,0.6507936507936508,0.8253968253968254
9h7chq,21,0.6190476190476191,0.8095238095238095
9h7ihr,40,0.575,0.8
9h7lok,37,0.7027027027027027,0.8378378378378378
9h7o79,23,0.6521739130434783,0.8695652173913043
9h7rj5,68,0.6029411764705882,0.7941176470588235
9h7t16,51,0.6470588235294118,0.8431372549019608
9h7tbs,22,0.5,0.8181818181818182
9h7th6,20,0.65,0.85
9h7x7n,35,0.6571428571428571,0.8571428571428571
9h80hu,95,0.6736842105263158,0.8421052631578947
9h832h,42,0.5476190476190477,0.7619047619047619
9h83p9,46,0.5652173913043478,0.7608695652173914
9h85iq,22,0.6818181818181818,0.8181818181818182
9h85jb,31,0.6774193548387096,0.8709677419354839
9h86tp,58,0.6379310344827587,0.8103448275862069
9h898n,24,0.5833333333333334,0.75
9h8ari,51,0.6274509803921569,0.7843137254901961
9h8ckf,25,0.72,0.88
9h8dyy,20,0.6,0.8
9h8fuq,31,0.7096774193548387,0.8387096774193549
9h8q1a,60,0.6166666666666667,0.8
9h8qt4,193,0.6321243523316062,0.8082901554404145
9h8rts,132,0.6515151515151515,0.8409090909090909
9h8xg9,46,0.6521739130434783,0.8260869565217391
9h8zk9,27,0.6296296296296297,0.8148148148148148
9h8zwr,71,0.6619718309859155,0.8450704225352113
9h98m9,22,0.7272727272727273,0.8636363636363636
9h9bpk,21,0.7619047619047619,0.8571428571428571
9h9f4f,27,0.7407407407407407,0.8888888888888888
9h9g45,77,0.6103896103896104,0.7792207792207793
9h9i3b,74,0.6081081081081081,0.7972972972972973
9h9i48,41,0.6097560975609756,0.8048780487804879
9h9kev,25,0.68,0.8
9h9n8d,31,0.6774193548387096,0.8387096774193549
9h9t3l,21,0.6190476190476191,0.8571428571428571
9h9tdo,41,0.5853658536585366,0.8048780487804879
9ha9f2,112,0.5892857142857143,0.7946428571428571
9habt3,28,0.6071428571428571,0.8214285714285714
9had3k,23,0.5652173913043478,0.782608695652174
9hahov,172,0.5988372093023255,0.7906976744186046
9haj6r,47,0.5957446808510638,0.8297872340425532
9hakmb,44,0.5909090909090909,0.7954545454545454
9hakzf,21,0.6666666666666666,0.8571428571428571
9hal1f,26,0.6153846153846154,0.7692307692307693
9haofm,49,0.6530612244897959,0.8367346938775511
9har5w,24,0.6666666666666666,0.8333333333333334
9hargz,20,0.7,0.85
9hau0q,20,0.6,0.75
9haus0,77,0.6103896103896104,0.7922077922077922
9hayf6,146,0.6095890410958904,0.7945205479452054
9hazbu,36,0.5555555555555556,0.7777777777777778
9hb2uj,179,0.6368715083798883,0.8212290502793296
9hb598,20,0.7,0.85
9hb7a7,147,0.6190476190476191,0.7891156462585034
9hbf6f,23,0.6521739130434783,0.8695652173913043
9hbga6,178,0.6067415730337079,0.797752808988764
9hbidy,22,0.5454545454545454,0.7272727272727273
9hbrsa,69,0.6666666666666666,0.8115942028985508
9hbsfv,39,0.6666666666666666,0.8461538461538461
9hbvh8,38,0.6842105263157895,0.8421052631578947
9hchyt,39,0.5897435897435898,0.7435897435897436
9hcq9b,34,0.6176470588235294,0.8529411764705882
9hcx9u,35,0.6857142857142857,0.8571428571428571
9hcyrj,58,0.6551724137931034,0.8103448275862069
9hdgz4,43,0.5813953488372093,0.8372093023255814
9hdjmv,33,0.5757575757575758,0.8181818181818182
9hdle6,49,0.6122448979591837,0.8163265306122449
9hdm3s,29,0.5517241379310345,0.7931034482758621
9hdm9m,20,0.65,0.85
9hdot1,29,0.6551724137931034,0.8275862068965517
9hdzi1,21,0.6190476190476191,0.8095238095238095
9he1fn,148,0.6351351351351351,0.8175675675675675
9he3s4,474,0.6054852320675106,0.8037974683544303
9heakm,20,0.5,0.7
9heaok,40,0.7,0.85
9hegyi,29,0.5862068965517241,0.7931034482758621
9hei2i,24,0.5833333333333334,0.7916666666666666
9hekgv,49,0.6530612244897959,0.8163265306122449
9hemmj,56,0.6071428571428571,0.8035714285714286
9hepmn,90,0.6333333333333333,0.8444444444444444
9hesl7,47,0.6382978723404256,0.8085106382978723
9heu5q,131,0.5114503816793893,0.7251908396946565
9heusw,44,0.6590909090909091,0.8409090909090909
9hewx5,161,0.6459627329192547,0.8322981366459627
9hez2x,29,0.6551724137931034,0.8275862068965517
9hf0fy,36,0.6944444444444444,0.8333333333333334
9hf2kx,32,0.53125,0.75
9hf2sy,89,0.5056179775280899,0.7415730337078652
9hf30e,26,0.6923076923076923,0.8846153846153846
9hf4r9,40,0.65,0.825
9hf75q,71,0.6338028169014085,0.8169014084507042
9hf7yz,20,0.7,0.85
9hfbiz,50,0.54,0.74
9hfeif,26,0.6923076923076923,0.8461538461538461
9hffxn,108,0.5277777777777778,0.7592592592592593
9hfibd,24,0.625,0.8333333333333334
9hfj6n,31,0.7096774193548387,0.8709677419354839
9hfj91,50,0.64,0.8
9hflql,36,0.5833333333333334,0.7777777777777778
9hfn1z,25,0.6,0.8
9hfpx4,31,0.6451612903225806,0.8064516129032258
9hfrzf,21,0.6666666666666666,0.8571428571428571
9hfsqv,34,0.6176470588235294,0.8529411764705882
9hfuy4,28,0.6428571428571429,0.8214285714285714
9hfvfg,58,0.6379310344827587,0.7931034482758621
9hfvv3,253,0.6047430830039525,0.7944664031620553
9hfvvy,112,0.5803571428571429,0.7857142857142857
9hfwy4,37,0.5945945945945946,0.8108108108108109
9hg20t,144,0.6041666666666666,0.7916666666666666
9hg4a4,150,0.6333333333333333,0.82
9hga3d,37,0.6756756756756757,0.8378378378378378
9hgd0a,84,0.6547619047619048,0.8333333333333334
9hghhy,61,0.6557377049180327,0.8032786885245902
9hgqop,21,0.5714285714285714,0.8095238095238095
9hgw0e,28,0.5357142857142857,0.7857142857142857
9hgwvj,47,0.6382978723404256,0.8297872340425532
9hgz6y,115,0.5304347826086957,0.7652173913043478
9hh11s,100,0.52,0.76
9hh1mb,26,0.6153846153846154,0.8076923076923077
9hh4et,25,0.6,0.84
9hhdey,25,0.64,0.88
9hhgbx,390,0.558974358974359,0.7666666666666667
9hhjbr,20,0.6,0.8
9hhkxw,49,0.5918367346938775,0.7551020408163265
9hhx9g,22,0.6363636363636364,0.8181818181818182
9hhz6j,27,0.5555555555555556,0.8148148148148148
9hi16i,35,0.6857142857142857,0.8571428571428571
9hi4mc,20,0.45,0.6
9hi4ti,317,0.6466876971608833,0.8264984227129337
9hi4zi,32,0.59375,0.8125
9hidl8,35,0.6857142857142857,0.8285714285714286
9hihck,20,0.8,0.9
9hijxo,43,0.627906976744186,0.813953488372093
9himkw,33,0.6363636363636364,0.7878787878787878
9himoq,54,0.6481481481481481,0.7962962962962963
9hinr6,67,0.6417910447761194,0.8208955223880597
9hiolj,150,0.64,0.8066666666666666
9hioof,20,0.7,0.85
9hirvv,137,0.6131386861313869,0.8102189781021898
9hiw1v,65,0.6615384615384615,0.8307692307692308
9hiypq,56,0.5892857142857143,0.8035714285714286
9hj3hs,72,0.6527777777777778,0.8333333333333334
9hjama,61,0.7049180327868853,0.8524590163934426
9hjcez,89,0.5842696629213483,0.7752808988764045
9hjh7x,29,0.6896551724137931,0.8275862068965517
9hjkj7,21,0.7142857142857143,0.8571428571428571
9hjp7d,57,0.6491228070175439,0.8245614035087719
9hjuq4,34,0.6176470588235294,0.8235294117647058
9hjy4w,30,0.7,0.8666666666666667
9hk0bi,22,0.6818181818181818,0.8181818181818182
9hk0if,27,0.5555555555555556,0.7777777777777778
9hk4fb,28,0.6428571428571429,0.8571428571428571
9hk4sx,36,0.6388888888888888,0.8055555555555556
9hka6o,21,0.7619047619047619,0.8571428571428571
9hkgi6,45,0.7111111111111111,0.8444444444444444
9hkgyc,24,0.625,0.875
9hkqp2,26,0.6538461538461539,0.8461538461538461
9hkr9f,65,0.6153846153846154,0.8
9hkszw,20,0.55,0.7
9hl1yc,53,0.6415094339622641,0.7924528301886793
9hlc96,36,0.5833333333333334,0.7777777777777778
9hlhqt,58,0.603448275862069,0.8103448275862069
9hli3s,89,0.5842696629213483,0.797752808988764
9hlizy,20,0.7,0.85
9hlkpb,99,0.5858585858585859,0.7878787878787878
9hlnlb,23,0.5217391304347826,0.7391304347826086
9hlntb,77,0.5714285714285714,0.7662337662337663
9hltdi,25,0.68,0.84
9hlzg1,76,0.618421052631579,0.7763157894736842
9hm0df,76,0.4473684210526316,0.7236842105263158
9hm1f2,56,0.6428571428571429,0.8392857142857143
9hm3d5,98,0.5918367346938775,0.7755102040816326
9hmcqc,33,0.6666666666666666,0.8484848484848485
9hmeg6,37,0.5945945945945946,0.8108108108108109
9hmemj,26,0.5769230769230769,0.8461538461538461
9hmpak,71,0.6338028169014085,0.7887323943661971
9hmriv,46,0.6304347826086957,0.8043478260869565
9hmspt,147,0.5714285714285714,0.7687074829931972
9hn8qx,60,0.6166666666666667,0.8166666666666667
9hnb2y,35,0.6571428571428571,0.8285714285714286
9hnezt,46,0.6956521739130435,0.8478260869565217
9hnf6w,56,0.6071428571428571,0.7857142857142857
9hng8q,86,0.6046511627906976,0.7790697674418605
9hnlo0,38,0.5526315789473685,0.7894736842105263
9hnmuy,35,0.7142857142857143,0.8571428571428571
9hnoka,52,0.6538461538461539,0.8269230769230769
9hnpsw,46,0.6086956521739131,0.8043478260869565
9hntas,22,0.6818181818181818,0.8636363636363636
9ho1fh,109,0.6146788990825688,0.8073394495412844
9ho3ez,207,0.5748792270531401,0.7922705314009661
9ho3hr,80,0.6125,0.7875
9ho944,66,0.6666666666666666,0.8333333333333334
9hoazs,260,0.5923076923076923,0.7961538461538461
9hoki9,64,0.640625,0.828125
9holn8,38,0.6052631578947368,0.7894736842105263
9hoqed,55,0.6545454545454545,0.8363636363636363
9hoqfk,22,0.5454545454545454,0.8181818181818182
9hovb5,20,0.7,0.85
9howcq,62,0.6290322580645161,0.8225806451612904
9hoyzu,24,0.6666666666666666,0.875
9hp0jx,105,0.5904761904761905,0.8
9hp23g,30,0.6666666666666666,0.8333333333333334
9hp7a3,28,0.6071428571428571,0.8214285714285714
9hp7ju,24,0.6666666666666666,0.7916666666666666
9hpbtg,24,0.625,0.7916666666666666
9hpcjy,45,0.6666666666666666,0.8222222222222222
9hpif1,46,0.6739130434782609,0.8478260869565217
9hpm5c,42,0.6428571428571429,0.8333333333333334
9hpnnp,38,0.631578947368421,0.8157894736842105
9hprj4,81,0.691358024691358,0.8518518518518519
9hpt6i,22,0.5909090909090909,0.8181818181818182
9hpva3,25,0.68,0.88
9hpwqp,41,0.6585365853658537,0.8292682926829268
9hpzaz,38,0.5526315789473685,0.7631578947368421
9hpzh2,92,0.6521739130434783,0.8260869565217391
9hqcz1,29,0.6206896551724138,0.8275862068965517
9hqhg3,30,0.5666666666666667,0.8
9hqi4x,98,0.6122448979591837,0.8061224489795918
9hqmav,20,0.7,0.85
9hqn3z,90,0.45555555555555555,0.7222222222222222
9hqpd4,25,0.68,0.84
9hqq07,283,0.5300353356890459,0.7632508833922261
9hqumw,37,0.4864864864864865,0.7567567567567568
9hqvl7,20,0.6,0.85
9hqwc1,96,0.625,0.7916666666666666
9hqz2h,112,0.5982142857142857,0.8214285714285714
9hqzb4,21,0.7142857142857143,0.8571428571428571
9hr0yl,24,0.5833333333333334,0.7916666666666666
9hr1ie,26,0.6538461538461539,0.8461538461538461
9hr7mn,30,0.5666666666666667,0.8333333333333334
9hracg,41,0.5853658536585366,0.7804878048780488
9hrcr0,25,0.68,0.84
9hre08,20,0.7,0.85
9hrlbi,39,0.6666666666666666,0.8205128205128205
9hrtgo,41,0.5609756097560976,0.7560975609756098
9hry4j,58,0.603448275862069,0.8103448275862069
9hs14a,32,0.65625,0.84375
9hs1x8,25,0.72,0.84
9hs5jm,36,0.6666666666666666,0.8055555555555556
9hs9uh,129,0.6666666666666666,0.8294573643410853
9hsgvw,26,0.7307692307692307,0.8846153846153846
9hskdx,22,0.6363636363636364,0.7727272727272727
9hslv0,30,0.6333333333333333,0.8
9hsszj,60,0.6166666666666667,0.8
9hst6h,40,0.65,0.8
9hsun5,20,0.7,0.85
9ht1j2,23,0.6521739130434783,0.8260869565217391
9htd8f,22,0.6363636363636364,0.8181818181818182
9hterb,46,0.6304347826086957,0.8043478260869565
9htfir,128,0.53125,0.7578125
9hti4r,43,0.6046511627906976,0.7674418604651163
9htqc3,102,0.6666666666666666,0.8137254901960784
9htsyx,87,0.6551724137931034,0.8275862068965517
9htvwm,280,0.5642857142857143,0.7607142857142857
9htzzk,34,0.6470588235294118,0.8529411764705882
9hu7iv,60,0.7,0.8666666666666667
9hug7i,28,0.7142857142857143,0.8571428571428571
9huhn9,74,0.5945945945945946,0.7567567567567568
9huhw3,232,0.6163793103448276,0.8017241379310345
9huqj4,78,0.6153846153846154,0.8076923076923077
9hvc6r,34,0.7058823529411765,0.8235294117647058
9hvobh,145,0.5241379310344828,0.7793103448275862
9hvu9x,56,0.6607142857142857,0.8392857142857143
9hw0pz,148,0.6554054054054054,0.8175675675675675
9hwcrz,53,0.660377358490566,0.8490566037735849
9hwcxo,272,0.5625,0.7720588235294118
9hwfgm,51,0.5882352941176471,0.8431372549019608
9hwi5n,102,0.5490196078431373,0.7647058823529411
9hwk0n,50,0.68,0.84
9hwpm0,25,0.76,0.88
9hwqz0,28,0.6428571428571429,0.8214285714285714
9hwsej,45,0.6,0.8
9hwwyd,27,0.5185185185185185,0.7037037037037037
9hxbir,35,0.6285714285714286,0.8285714285714286
9hxex4,24,0.7083333333333334,0.875
9hxh4h,22,0.7272727272727273,0.8636363636363636
9hxkwh,22,0.6818181818181818,0.8181818181818182
9hxom6,23,0.6956521739130435,0.782608695652174
9hxsai,34,0.6470588235294118,0.8529411764705882
9hxt69,49,0.6326530612244898,0.7959183673469388
9hxwta,22,0.5909090909090909,0.7727272727272727
9hxx53,42,0.5714285714285714,0.7857142857142857
9hy68b,65,0.6461538461538462,0.8153846153846154
9hygok,79,0.6455696202531646,0.810126582278481
9hygt8,133,0.6766917293233082,0.8421052631578947
9hykp5,131,0.6641221374045801,0.8244274809160306
9hylrp,58,0.6379310344827587,0.8275862068965517
9hyq90,56,0.6428571428571429,0.8214285714285714
9hyqkm,139,0.5251798561151079,0.7410071942446043
9hyyys,29,0.7241379310344828,0.8620689655172413
9hz3vj,42,0.7380952380952381,0.8571428571428571
9hzadu,20,0.65,0.85
9hzbt5,58,0.5689655172413793,0.8103448275862069
9hzdah,45,0.6222222222222222,0.8444444444444444
9hzffq,101,0.6534653465346535,0.8217821782178217
9hziuc,22,0.6818181818181818,0.7727272727272727
9hzmnu,31,0.7096774193548387,0.8387096774193549
9hzslq,49,0.7142857142857143,0.8571428571428571
9hzuhs,62,0.6290322580645161,0.8064516129032258
9hzv0b,23,0.6086956521739131,0.8260869565217391
9hzvsz,21,0.7142857142857143,0.8571428571428571
9hzzhe,167,0.5748502994011976,0.7724550898203593
9i00gt,21,0.7619047619047619,0.9047619047619048
9i051x,77,0.5844155844155844,0.7792207792207793
9i0aob,26,0.6923076923076923,0.8846153846153846
9i0az9,68,0.5441176470588235,0.7647058823529411
9i0bxv,51,0.6862745098039216,0.8235294117647058
9i0cuc,62,0.6612903225806451,0.8225806451612904
9i0dd6,33,0.6666666666666666,0.7878787878787878
9i0g6w,34,0.5588235294117647,0.7647058823529411
9i0h0m,20,0.5,0.7
9i0i5w,75,0.6266666666666667,0.8
9i0k44,54,0.5555555555555556,0.7592592592592593
9i0m31,67,0.6567164179104478,0.835820895522388
9i0ml1,44,0.6363636363636364,0.7954545454545454
9i0n7c,44,0.6363636363636364,0.8181818181818182
9i0q4v,28,0.6428571428571429,0.8214285714285714
9i0s9d,66,0.5909090909090909,0.7727272727272727
9i0un2,43,0.627906976744186,0.7906976744186046
9i0x4h,23,0.7391304347826086,0.8695652173913043
9i12aj,134,0.6343283582089553,0.8059701492537313
9i131z,30,0.6333333333333333,0.8
9i13om,65,0.6461538461538462,0.8153846153846154
9i14et,76,0.5921052631578947,0.7763157894736842
9i152m,21,0.7142857142857143,0.8095238095238095
9i173q,21,0.7619047619047619,0.9047619047619048
9i1gc3,42,0.5952380952380952,0.7857142857142857
9i1h24,30,0.6,0.8333333333333334
9i1mhw,52,0.5769230769230769,0.7884615384615384
9i1ndg,59,0.6610169491525424,0.8135593220338984
9i1t4i,45,0.5333333333333333,0.7555555555555555
9i1wqb,61,0.6557377049180327,0.819672131147541
9i204p,36,0.5833333333333334,0.7777777777777778
9i25m3,64,0.65625,0.84375
9i25za,45,0.6222222222222222,0.8222222222222222
9i27s1,25,0.64,0.84
9i2fne,26,0.6153846153846154,0.8076923076923077
9i2jdz,21,0.6666666666666666,0.8571428571428571
9i2n1c,41,0.6829268292682927,0.8536585365853658
9i2nic,35,0.5714285714285714,0.8285714285714286
9i2pmw,39,0.5641025641025641,0.7692307692307693
9i2uyx,32,0.59375,0.75
9i373c,95,0.5473684210526316,0.7789473684210526
9i3b0h,26,0.6538461538461539,0.8461538461538461
9i3fuy,140,0.6214285714285714,0.7928571428571428
9i3g6t,33,0.6363636363636364,0.8181818181818182
9i3hj2,24,0.7083333333333334,0.875
9i3hx8,71,0.676056338028169,0.8450704225352113
9i3k1j,88,0.6477272727272727,0.8181818181818182
9i3o1p,20,0.65,0.85
9i3r5f,24,0.625,0.8333333333333334
9i413q,28,0.5,0.75
9i46tn,76,0.631578947368421,0.8026315789473685
9i47i9,34,0.7058823529411765,0.8529411764705882
9i47rh,99,0.6565656565656566,0.8080808080808081
9i4f9k,29,0.6551724137931034,0.8275862068965517
9i4gnz,29,0.6206896551724138,0.8620689655172413
9i4nge,139,0.5755395683453237,0.7553956834532374
9i4qnd,136,0.5808823529411765,0.7720588235294118
9i4rrq,93,0.5913978494623656,0.8064516129032258
9i4vpt,26,0.6538461538461539,0.8076923076923077
9i52ex,32,0.625,0.8125
9i567q,26,0.7307692307692307,0.8846153846153846
9i5709,33,0.6363636363636364,0.8181818181818182
9i59m6,22,0.5909090909090909,0.8181818181818182
9i5l4h,72,0.6111111111111112,0.7916666666666666
9i5mwa,63,0.6349206349206349,0.8253968253968254
9i5rqb,35,0.6857142857142857,0.8571428571428571
9i5u2e,28,0.6785714285714286,0.8214285714285714
9i5w7n,160,0.5875,0.775
9i5zfo,40,0.575,0.8
9i6czb,22,0.5,0.7272727272727273
9i6f2n,100,0.62,0.82
9i6gc2,183,0.6338797814207651,0.8087431693989071
9i6iey,32,0.75,0.84375
9i6onn,116,0.6293103448275862,0.8103448275862069
9i6t6f,52,0.6346153846153846,0.8076923076923077
9i6v47,38,0.6842105263157895,0.8421052631578947
9i731v,32,0.59375,0.8125
9i7ann,22,0.6818181818181818,0.8636363636363636
9i7cmn,22,0.7272727272727273,0.8636363636363636
9i7crl,39,0.7435897435897436,0.8717948717948718
9i7cw6,23,0.6086956521739131,0.782608695652174
9i7efn,22,0.7272727272727273,0.8636363636363636
9i7hhx,38,0.6842105263157895,0.868421052631579
9i7ijr,35,0.6571428571428571,0.8857142857142857
9i7n8i,62,0.532258064516129,0.7741935483870968
9i7oi6,158,0.6265822784810127,0.8037974683544303
9i7tgi,32,0.71875,0.84375
9i7znp,157,0.6560509554140127,0.821656050955414
9i845l,38,0.7105263157894737,0.868421052631579
9i8460,118,0.6779661016949152,0.8305084745762712
9i846m,38,0.631578947368421,0.8157894736842105
9i87ri,27,0.5925925925925926,0.8148148148148148
9i88vr,38,0.631578947368421,0.8421052631578947
9i8ekl,23,0.6956521739130435,0.8695652173913043
9i8eku,79,0.6455696202531646,0.7974683544303798
9i8fib,24,0.6666666666666666,0.7916666666666666
9i8ldt,38,0.631578947368421,0.7894736842105263
9i8mk4,23,0.6956521739130435,0.8260869565217391
9i8ssf,29,0.6206896551724138,0.8275862068965517
9i8uad,21,0.7142857142857143,0.8571428571428571
9i8vj7,116,0.5862068965517241,0.8103448275862069
9i8yjh,30,0.7,0.8333333333333334
9i8zgd,33,0.6363636363636364,0.8181818181818182
9i9314,22,0.7272727272727273,0.8636363636363636
9i93q1,32,0.625,0.8125
9i99en,29,0.6551724137931034,0.7931034482758621
9i99i8,27,0.6666666666666666,0.8148148148148148
9i9bh3,21,0.6666666666666666,0.8095238095238095
9i9ced,57,0.6140350877192983,0.8245614035087719
9i9eau,37,0.02702702702702703,0.02702702702702703
9i9h2b,26,0.6538461538461539,0.8461538461538461
9i9x8k,26,0.6923076923076923,0.8846153846153846
9i9xpo,29,0.7241379310344828,0.8620689655172413
9ia3rm,30,0.7,0.8666666666666667
9iabbw,22,0.6363636363636364,0.8181818181818182
9iadwl,20,0.6,0.8
9iafiq,146,0.6438356164383562,0.8013698630136986
9iai5c,38,0.6842105263157895,0.8421052631578947
9iauco,35,0.6857142857142857,0.8285714285714286
9iaudf,28,0.6785714285714286,0.7857142857142857
9iav6b,30,0.6333333333333333,0.8
9ib1el,76,0.6842105263157895,0.8421052631578947
9ib35h,23,0.6521739130434783,0.8260869565217391
9ib522,96,0.6145833333333334,0.7916666666666666
9ib6tw,21,0.47619047619047616,0.7619047619047619
9ib73q,20,0.6,0.8
9ib9d5,46,0.6521739130434783,0.8478260869565217
9ibdn0,22,0.5909090909090909,0.7727272727272727
9ibipq,20,0.65,0.8
9ibj5i,102,0.5980392156862745,0.8235294117647058
9iblwm,47,0.6808510638297872,0.851063829787234
9ibret,21,0.7142857142857143,0.8571428571428571
9ic0mb,23,0.6521739130434783,0.8260869565217391
9ic1jo,42,0.5952380952380952,0.7619047619047619
9ic45e,38,0.7105263157894737,0.868421052631579
9ic5ly,36,0.6666666666666666,0.8055555555555556
9ic95z,41,0.6097560975609756,0.7804878048780488
9ic9ap,25,0.64,0.8
9iceph,45,0.6888888888888889,0.8444444444444444
9icfcg,70,0.6,0.7857142857142857
9icsk6,25,0.72,0.88
9icsrc,119,0.5966386554621849,0.7815126050420168
9icysw,28,0.6785714285714286,0.8214285714285714
9iczpl,32,0.6875,0.84375
9id1x2,44,0.6363636363636364,0.8409090909090909
9idbfg,115,0.5826086956521739,0.782608695652174
9idefz,36,0.6666666666666666,0.8611111111111112
9idska,142,0.6056338028169014,0.8028169014084507
9iduu6,26,0.6538461538461539,0.7307692307692307
9idxaf,20,0.7,0.9
9idxd6,22,0.7272727272727273,0.8636363636363636
9ie0oa,61,0.6065573770491803,0.7868852459016393
9ielo9,101,0.6138613861386139,0.801980198019802
9ieod7,28,0.6428571428571429,0.8214285714285714
9ier7u,144,0.6041666666666666,0.8055555555555556
9iermf,28,0.5,0.75
9iev5p,59,0.6101694915254238,0.8305084745762712
9iewri,20,0.65,0.8
9iexas,28,0.7142857142857143,0.8571428571428571
9ifaqe,49,0.6122448979591837,0.7959183673469388
9ifdl6,139,0.6115107913669064,0.8129496402877698
9ifq0m,28,0.6428571428571429,0.8214285714285714
9ifvxv,68,0.6470588235294118,0.8088235294117647
9ifzwx,72,0.5972222222222222,0.8055555555555556
9ig0ny,49,0.5714285714285714,0.7755102040816326
9ig42b,28,0.6785714285714286,0.8214285714285714
9ige74,36,0.6111111111111112,0.8055555555555556
9iglku,60,0.6,0.7833333333333333
9ign2s,104,0.5961538461538461,0.7884615384615384
9ignvj,22,0.5454545454545454,0.7272727272727273
9igtyv,22,0.5454545454545454,0.7272727272727273
9igugn,22,0.6363636363636364,0.8181818181818182
9igxg0,39,0.48717948717948717,0.7435897435897436
9igy2m,49,0.673469387755102,0.8367346938775511
9igzis,258,0.562015503875969,0.7635658914728682
9ih2ar,75,0.52,0.76
9ih4e5,54,0.5555555555555556,0.7777777777777778
9ih5sr,218,0.5779816513761468,0.7844036697247706
9ih8zt,30,0.6333333333333333,0.8333333333333334
9ih9bz,23,0.6956521739130435,0.8260869565217391
9ih9pe,29,0.5862068965517241,0.7931034482758621
9ihb5i,20,0.65,0.85
9ihc3m,32,0.65625,0.84375
9ihc88,33,0.5757575757575758,0.7878787878787878
9ihcqq,106,0.6415094339622641,0.8207547169811321
9ihgn4,26,0.6153846153846154,0.8076923076923077
9ihjnk,27,0.6666666666666666,0.8518518518518519
9ihkro,38,0.6052631578947368,0.7894736842105263
9ihl36,24,0.625,0.8333333333333334
9iho6i,25,0.56,0.76
9ihqgk,82,0.6219512195121951,0.8170731707317073
9ihqvt,20,0.75,0.9
9ihs2x,24,0.6666666666666666,0.8333333333333334
9ihs5b,28,0.6785714285714286,0.8571428571428571
9ihxvs,36,0.6111111111111112,0.8055555555555556
9ihycw,29,0.6206896551724138,0.7931034482758621
9ii43b,20,0.6,0.9
9ii5oz,55,0.5454545454545454,0.7818181818181819
9ii70p,41,0.6585365853658537,0.8292682926829268
9ii8o6,87,0.6666666666666666,0.8390804597701149
9iiauo,47,0.5531914893617021,0.8085106382978723
9iib7h,26,0.5769230769230769,0.7692307692307693
9iicnt,25,0.6,0.84
9iidwq,59,0.6440677966101694,0.8135593220338984
9iie6n,78,0.6153846153846154,0.782051282051282
9iif5x,23,0.6086956521739131,0.8260869565217391
9iifj5,84,0.6071428571428571,0.7976190476190477
9iijrg,32,0.65625,0.84375
9iik9r,30,0.5333333333333333,0.7333333333333333
9iil8y,43,0.6046511627906976,0.8372093023255814
9iit9t,107,0.6822429906542056,0.8317757009345794
9iiv27,67,0.582089552238806,0.8059701492537313
9iivbw,23,0.6521739130434783,0.8260869565217391
9iixc5,57,0.6666666666666666,0.8421052631578947
9ij03k,25,0.6,0.84
9ij38g,84,0.6428571428571429,0.8214285714285714
9ij40p,90,0.6222222222222222,0.8
9ij4wv,29,0.6896551724137931,0.8620689655172413
9ij5zh,103,0.5825242718446602,0.7864077669902912
9ij98x,79,0.569620253164557,0.7848101265822784
9ij9up,142,0.5422535211267606,0.7816901408450704
9ijd5k,112,0.6517857142857143,0.8035714285714286
9ijdc4,289,0.5778546712802768,0.7820069204152249
9ije0b,24,0.6666666666666666,0.7916666666666666
9ijlsf,34,0.6764705882352942,0.8529411764705882
9ijo47,542,0.5571955719557196,0.7619926199261993
9ijr2r,41,0.5121951219512195,0.7560975609756098
9ijtbj,379,0.6094986807387863,0.8073878627968337
9ijtgo,57,0.5789473684210527,0.8070175438596491
9ik0wa,20,0.6,0.85
9ik1yw,30,0.5666666666666667,0.8
9ik4d2,29,0.5862068965517241,0.7931034482758621
9ik4ik,88,0.6363636363636364,0.8181818181818182
9ik5bx,20,0.65,0.85
9ik7qu,20,0.55,0.8
9ik8s3,32,0.71875,0.84375
9iko8l,22,0.6818181818181818,0.8636363636363636
9ikqvx,28,0.6071428571428571,0.7857142857142857
9ikwsc,214,0.5934579439252337,0.8084112149532711
9ikyb1,20,0.55,0.75
9ile2m,28,0.6785714285714286,0.8214285714285714
9ilhcr,148,0.6148648648648649,0.7972972972972973
9ilmzu,41,0.6585365853658537,0.8048780487804879
9ilrgs,69,0.5652173913043478,0.8115942028985508
9ilwgy,82,0.6463414634146342,0.8170731707317073
9ilz50,26,0.6538461538461539,0.8076923076923077
9ilzo1,49,0.6122448979591837,0.8163265306122449
9ilzqg,24,0.5833333333333334,0.8333333333333334
9imf8r,33,0.5757575757575758,0.7878787878787878
9imhiv,42,0.5714285714285714,0.7857142857142857
9imo2k,28,0.6071428571428571,0.75
9imqnv,20,0.75,0.85
9imsou,21,0.6666666666666666,0.9047619047619048
9imv8s,80,0.5875,0.8
9imzkd,25,0.64,0.84
9in3bi,20,0.65,0.85
9in6s3,72,0.6388888888888888,0.7916666666666666
9in8yq,37,0.7027027027027027,0.8648648648648649
9ine9u,26,0.6923076923076923,0.7692307692307693
9inn8e,24,0.5833333333333334,0.7916666666666666
9inozn,58,0.5689655172413793,0.8103448275862069
9intgo,97,0.5463917525773195,0.7525773195876289
9iny64,21,0.7142857142857143,0.8571428571428571
9io2oq,24,0.625,0.8333333333333334
9iogx4,126,0.6031746031746031,0.7936507936507936
9iok0x,88,0.6136363636363636,0.8068181818181818
9ioliu,54,0.7037037037037037,0.8518518518518519
9ior36,59,0.6271186440677966,0.7966101694915254
9ioslz,26,0.5769230769230769,0.7692307692307693
9ip535,25,0.52,0.76
9ip55q,20,0.65,0.85
9ipc4m,51,0.6274509803921569,0.8431372549019608
9ipiax,62,0.5967741935483871,0.7903225806451613
9iprko,23,0.6086956521739131,0.782608695652174
9ipwv1,28,0.5714285714285714,0.75
9ipxpr,26,0.6923076923076923,0.8846153846153846
9iq4ik,48,0.7083333333333334,0.8125
9iq60w,169,0.5680473372781065,0.7988165680473372
9iq6j5,46,0.5652173913043478,0.7608695652173914
9iqegw,43,0.627906976744186,0.813953488372093
9iqivb,30,0.6666666666666666,0.8
9iqvfk,22,0.5454545454545454,0.7727272727272727
9iqvtf,28,0.6428571428571429,0.8571428571428571
9iqz30,21,0.6190476190476191,0.8571428571428571
9ir352,24,0.6666666666666666,0.8333333333333334
9ir45j,40,0.625,0.825
9ir5re,45,0.6222222222222222,0.8222222222222222
9ir6sq,28,0.5357142857142857,0.7857142857142857
9ir7g9,54,0.6296296296296297,0.8148148148148148
9irap0,23,0.4782608695652174,0.7391304347826086
9irbl7,24,0.625,0.8333333333333334
9irdom,75,0.5333333333333333,0.8
9irg58,57,0.631578947368421,0.8070175438596491
9irgdr,157,0.6369426751592356,0.8152866242038217
9irhys,197,0.6040609137055838,0.7918781725888325
9iripg,63,0.6031746031746031,0.746031746031746
9irkze,26,0.6153846153846154,0.8076923076923077
9irl31,29,0.6551724137931034,0.8620689655172413
9irmaj,21,0.6666666666666666,0.8571428571428571
9irogw,28,0.6071428571428571,0.6428571428571429
9irou9,20,0.55,0.8
9irut7,22,0.6818181818181818,0.8636363636363636
9irwut,24,0.625,0.7916666666666666
9irx03,21,0.6666666666666666,0.8571428571428571
9irx2j,22,0.5909090909090909,0.7727272727272727
9irx38,30,0.6666666666666666,0.8333333333333334
9irx3f,32,0.625,0.84375
9irxal,75,0.6666666666666666,0.8133333333333334
9iry0o,23,0.6086956521739131,0.782608695652174
9is1r7,43,0.5813953488372093,0.7906976744186046
9is3xw,29,0.6206896551724138,0.7931034482758621
9is7my,28,0.5714285714285714,0.8571428571428571
9is8un,28,0.5714285714285714,0.8571428571428571
9is9fn,49,0.6530612244897959,0.8163265306122449
9isd6p,47,0.5957446808510638,0.7872340425531915
9isdyw,23,0.6521739130434783,0.8260869565217391
9ish5s,27,0.7407407407407407,0.8888888888888888
9isirr,32,0.625,0.8125
9iso2g,39,0.5897435897435898,0.7948717948717948
9isz2m,26,0.7307692307692307,0.8461538461538461
9it0jl,24,0.5416666666666666,0.7083333333333334
9it0q0,34,0.7058823529411765,0.8823529411764706
9it30w,32,0.65625,0.8125
9it3ar,22,0.6363636363636364,0.8636363636363636
9it4if,95,0.631578947368421,0.8105263157894737
9it5lu,21,0.6190476190476191,0.8095238095238095
9it5rn,44,0.5681818181818182,0.7727272727272727
9it9y6,50,0.5,0.76
9itdw9,263,0.5627376425855514,0.7604562737642585
9itear,55,0.6545454545454545,0.8181818181818182
9itewo,296,0.5912162162162162,0.793918918918919
9itezj,1115,0.5973094170403588,0.7901345291479821
9itfpi,115,0.591304347826087,0.782608695652174
9itiya,47,0.6382978723404256,0.8085106382978723
9itj2q,31,0.6774193548387096,0.8064516129032258
9itjsf,20,0.45,0.75
9itl8t,24,0.6666666666666666,0.7916666666666666
9itls8,32,0.65625,0.84375
9itltq,21,0.7142857142857143,0.8571428571428571
9itngp,46,0.5652173913043478,0.782608695652174
9itnyl,29,0.6896551724137931,0.8620689655172413
9itpxb,30,0.6666666666666666,0.8333333333333334
9itqjy,22,0.6363636363636364,0.7727272727272727
9ittky,47,0.6170212765957447,0.8297872340425532
9itvts,47,0.6595744680851063,0.8297872340425532
9itwyu,45,0.7111111111111111,0.8444444444444444
9itxjd,103,0.5728155339805825,0.7669902912621359
9itxwx,63,0.6031746031746031,0.7936507936507936
9ityob,44,0.7045454545454546,0.8636363636363636
9ityxf,35,0.5428571428571428,0.8
9iu1hq,57,0.5263157894736842,0.7543859649122807
9iu50t,70,0.6571428571428571,0.8285714285714286
9iuf9o,35,0.6571428571428571,0.8285714285714286
9iulm1,364,0.6071428571428571,0.804945054945055
9ium5a,21,0.6666666666666666,0.8571428571428571
9iumbe,25,0.6,0.8
9iuo8k,23,0.6521739130434783,0.8695652173913043
9iuoos,123,0.5691056910569106,0.7642276422764228
9iupme,101,0.5742574257425742,0.7821782178217822
9iurw7,57,0.5964912280701754,0.7543859649122807
9iusaz,163,0.5398773006134969,0.7668711656441718
9iusjk,22,0.7272727272727273,0.8636363636363636
9iutsb,28,0.6071428571428571,0.7857142857142857
9iv364,50,0.56,0.78
9iv63r,30,0.6,0.7333333333333333
9ivbgh,68,0.6029411764705882,0.8235294117647058
9ivc4j,44,0.6590909090909091,0.8181818181818182
9ivj1z,54,0.5740740740740741,0.7777777777777778
9ivk1r,21,0.6666666666666666,0.8095238095238095
9ivm8i,24,0.625,0.8333333333333334
9ivub6,148,0.6013513513513513,0.7972972972972973
9iw1ke,27,0.5925925925925926,0.8148148148148148
9iw473,55,0.6181818181818182,0.8181818181818182
9iw4rt,145,0.6206896551724138,0.8
9iw8ex,317,0.5899053627760252,0.7981072555205048
9iw99t,36,0.6944444444444444,0.8333333333333334
9iwf9v,24,0.625,0.8333333333333334
9iwfes,28,0.4642857142857143,0.7857142857142857
9iwgo7,25,0.64,0.84
9iwh3d,294,0.5748299319727891,0.7755102040816326
9iwiqy,20,0.7,0.9
9iwksk,21,0.5238095238095238,0.7619047619047619
9iwlcc,57,0.6140350877192983,0.7894736842105263
9iwtli,30,0.6333333333333333,0.8
9iwtqj,33,0.6060606060606061,0.7878787878787878
9iwz4x,58,0.6206896551724138,0.8448275862068966
9ix25c,33,0.7575757575757576,0.8787878787878788
9ix8er,24,0.6666666666666666,0.8333333333333334
9ixf7w,67,0.6567164179104478,0.8507462686567164
9ixnwf,79,0.6329113924050633,0.810126582278481
9iy0k7,34,0.6470588235294118,0.8235294117647058
9iy0ym,64,0.59375,0.8125
9iy3bu,72,0.6527777777777778,0.8333333333333334
9iya48,23,0.6956521739130435,0.8695652173913043
9iyayv,27,0.6666666666666666,0.8518518518518519
9iye20,29,0.6896551724137931,0.896551724137931
9iyfk0,24,0.7083333333333334,0.875
9iyfvh,20,0.75,0.9
9iyj1p,30,0.6,0.8
9iyj5e,33,0.5454545454545454,0.7878787878787878
9iyk4h,67,0.6268656716417911,0.8059701492537313
9iylfh,20,0.65,0.85
9iyoy6,39,0.5641025641025641,0.7692307692307693
9iz9zv,168,0.6190476190476191,0.8154761904761905
9izecy,25,0.68,0.84
9izhs6,22,0.6363636363636364,0.8181818181818182
9izjvc,32,0.46875,0.6875
9izl4a,26,0.6538461538461539,0.8461538461538461
9izpz4,23,0.6086956521739131,0.782608695652174
9izsn2,23,0.6956521739130435,0.8695652173913043
9j02i0,26,0.6153846153846154,0.8076923076923077
9j05jo,30,0.5666666666666667,0.7666666666666667
9j0bbv,45,0.6666666666666666,0.8444444444444444
9j0i6a,26,0.5384615384615384,0.7307692307692307
9j0tky,25,0.68,0.84
9j0yts,44,0.6590909090909091,0.8181818181818182
9j15hq,35,0.6285714285714286,0.8
9j199m,66,0.5909090909090909,0.7878787878787878
9j19zr,21,0.7142857142857143,0.8571428571428571
9j1aza,60,0.55,0.75
9j1bhy,132,0.6439393939393939,0.8181818181818182
9j1c9g,27,0.6666666666666666,0.8518518518518519
9j1hho,143,0.5874125874125874,0.8041958041958042
9j1lyc,22,0.6363636363636364,0.8181818181818182
9j1pwb,20,0.6,0.8
9j1s3z,28,0.7142857142857143,0.8571428571428571
9j1sgq,77,0.4805194805194805,0.7142857142857143
9j1ti3,26,0.6538461538461539,0.8461538461538461
9j1v84,88,0.5909090909090909,0.7840909090909091
9j1wg8,27,0.5555555555555556,0.7777777777777778
9j1wyb,23,0.5217391304347826,0.8260869565217391
9j1yrx,92,0.6413043478260869,0.8043478260869565
9j21h5,187,0.5721925133689839,0.8021390374331551
9j21qg,42,0.6904761904761905,0.8333333333333334
9j22r7,42,0.6666666666666666,0.8571428571428571
9j24rm,94,0.5851063829787234,0.776595744680851
9j25cw,89,0.5842696629213483,0.8089887640449438
9j27dl,98,0.47959183673469385,0.7346938775510204
9j27t2,27,0.6296296296296297,0.8148148148148148
9j28s5,20,0.6,0.8
9j28s6,162,0.6358024691358025,0.8148148148148148
9j2bm2,31,0.6451612903225806,0.8387096774193549
9j2c7l,103,0.6796116504854369,0.8446601941747572
9j2ckd,68,0.6176470588235294,0.8088235294117647
9j2gfw,37,0.6216216216216216,0.8378378378378378
9j2gg2,85,0.5529411764705883,0.7764705882352941
9j2iyi,65,0.6461538461538462,0.8461538461538461
9j2m4w,287,0.6062717770034843,0.7909407665505227
9j2p5j,59,0.6101694915254238,0.7796610169491526
9j2qjx,26,0.7307692307692307,0.8846153846153846
9j2qu6,94,0.5851063829787234,0.7659574468085106
9j2vlq,78,0.6153846153846154,0.782051282051282
9j2w1e,192,0.6510416666666666,0.828125
9j2wki,383,0.6214099216710183,0.8067885117493473
9j31a6,42,0.6428571428571429,0.8333333333333334
9j31un,26,0.6538461538461539,0.8461538461538461
9j35ry,127,0.5984251968503937,0.7952755905511811
9j369o,59,0.6610169491525424,0.8135593220338984
9j3bvd,63,0.6190476190476191,0.8095238095238095
9j3dpt,22,0.6363636363636364,0.7727272727272727
9j3f4k,54,0.6851851851851852,0.8148148148148148
9j3iv5,21,0.6190476190476191,0.8095238095238095
9j3jn8,21,0.7142857142857143,0.8571428571428571
9j3si2,44,0.4772727272727273,0.7272727272727273
9j3tca,26,0.6538461538461539,0.8461538461538461
9j3un8,27,0.5185185185185185,0.7037037037037037
9j3v2f,118,0.5254237288135594,0.7542372881355932
9j3vkm,35,0.4857142857142857,0.6857142857142857
9j3w3i,83,0.5542168674698795,0.7590361445783133
9j41bj,27,0.6296296296296297,0.7777777777777778
9j43yz,22,0.6363636363636364,0.8636363636363636
9j468q,35,0.6571428571428571,0.8285714285714286
9j4a09,32,0.65625,0.78125
9j4b9r,55,0.5636363636363636,0.7636363636363637
9j4cgm,23,0.6521739130434783,0.8260869565217391
9j4gnf,33,0.6060606060606061,0.8181818181818182
9j4k3u,41,0.6585365853658537,0.8048780487804879
9j4snp,20,0.75,0.85
9j4t78,21,0.6190476190476191,0.8571428571428571
9j4twm,22,0.7272727272727273,0.8636363636363636
9j4uqy,21,0.6190476190476191,0.8095238095238095
9j4xxu,46,0.6086956521739131,0.8043478260869565
9j50cg,24,0.7083333333333334,0.7916666666666666
9j50xw,73,0.6438356164383562,0.8356164383561644
9j58ue,28,0.6785714285714286,0.8214285714285714
9j59i3,116,0.5258620689655172,0.7327586206896551
9j5b5x,45,0.6444444444444445,0.8222222222222222
9j5e6l,22,0.6363636363636364,0.8636363636363636
9j5eb5,21,0.7142857142857143,0.9047619047619048
9j5kgs,22,0.6818181818181818,0.8181818181818182
9j5kxb,22,0.6363636363636364,0.8181818181818182
9j5nfg,25,0.64,0.8
9j5o9y,36,0.5,0.7777777777777778
9j5pob,67,0.5522388059701493,0.7761194029850746
9j5qd2,59,0.6271186440677966,0.8135593220338984
9j5w6q,42,0.6190476190476191,0.8095238095238095
9j601k,20,0.7,0.85
9j62lh,30,0.6666666666666666,0.8333333333333334
9j68hn,24,0.7083333333333334,0.875
9j68tv,312,0.5641025641025641,0.7724358974358975
9j6ck3,27,0.7037037037037037,0.8518518518518519
9j6ev8,24,0.6666666666666666,0.8333333333333334
9j6i6y,207,0.6328502415458938,0.7971014492753623
9j6lo9,44,0.6590909090909091,0.8636363636363636
9j6rsy,22,0.6363636363636364,0.8181818181818182
9j6y3b,33,0.6363636363636364,0.8181818181818182
9j70w0,59,0.6101694915254238,0.7966101694915254
9j71ec,26,0.5769230769230769,0.8076923076923077
9j723f,28,0.75,0.8571428571428571
9j78mj,20,0.7,0.85
9j7mt2,22,0.5909090909090909,0.8181818181818182
9j7or3,26,0.6923076923076923,0.8461538461538461
9j7qiq,25,0.56,0.8
9j7xoa,29,0.5862068965517241,0.8275862068965517
9j7z4f,29,0.6896551724137931,0.8620689655172413
9j81j1,43,0.6511627906976745,0.7906976744186046
9j839b,56,0.6607142857142857,0.8214285714285714
9j83mc,24,0.6666666666666666,0.8333333333333334
9j89h8,61,0.6557377049180327,0.819672131147541
9j8eoq,48,0.6458333333333334,0.8333333333333334
9j8esy,31,0.6129032258064516,0.8064516129032258
9j8fhk,71,0.5915492957746479,0.7887323943661971
9j8krd,46,0.5869565217391305,0.782608695652174
9j8lce,52,0.5576923076923077,0.7692307692307693
9j8lnc,28,0.6785714285714286,0.8571428571428571
9j8qrc,27,0.6296296296296297,0.8148148148148148
9j8udv,38,0.6842105263157895,0.8421052631578947
9j8x8r,30,0.6333333333333333,0.7666666666666667
9j902v,20,0.65,0.85
9j90a0,59,0.6610169491525424,0.8135593220338984
9j94ni,24,0.7083333333333334,0.8333333333333334
9j9769,36,0.5833333333333334,0.7777777777777778
9j9afq,73,0.684931506849315,0.8356164383561644
9j9biv,23,0.7391304347826086,0.8695652173913043
9j9cl9,59,0.6101694915254238,0.8135593220338984
9j9cpo,44,0.6136363636363636,0.8409090909090909
9j9fps,29,0.7241379310344828,0.8620689655172413
9j9i3u,21,0.5238095238095238,0.7619047619047619
9j9r9t,56,0.6071428571428571,0.8392857142857143
9j9uhg,175,0.6057142857142858,0.7885714285714286
9j9xa8,91,0.6263736263736264,0.8021978021978022
9ja5za,20,0.6,0.85
9jabwo,25,0.64,0.84
9jaos7,23,0.6086956521739131,0.782608695652174
9jazj6,21,0.6190476190476191,0.8571428571428571
9jb016,20,0.7,0.85
9jb56e,131,0.6106870229007634,0.8015267175572519
9jb9on,79,0.620253164556962,0.810126582278481
9jbaab,33,0.5454545454545454,0.7575757575757576
9jbcua,32,0.625,0.8125
9jbdoo,28,0.7142857142857143,0.8571428571428571
9jbi27,24,0.6666666666666666,0.8333333333333334
9jbkbn,27,0.6296296296296297,0.8148148148148148
9jbkr4,54,0.5925925925925926,0.7962962962962963
9jbn1o,39,0.6410256410256411,0.8205128205128205
9jbo7x,29,0.6206896551724138,0.7931034482758621
9jbpp8,32,0.625,0.78125
9jbu1n,28,0.6071428571428571,0.8214285714285714
9jbuoz,96,0.625,0.8229166666666666
9jbxnt,68,0.6470588235294118,0.7941176470588235
9jc330,61,0.7049180327868853,0.8524590163934426
9jc4wa,52,0.6730769230769231,0.8461538461538461
9jc531,45,0.6666666666666666,0.8222222222222222
9jcct3,223,0.57847533632287,0.7757847533632287
9jcur7,40,0.65,0.825
9jcxuy,21,0.5714285714285714,0.8095238095238095
9jd02s,210,0.5904761904761905,0.8
9jd3of,22,0.6818181818181818,0.8181818181818182
9jd3ya,74,0.6216216216216216,0.8108108108108109
9jd8j0,33,0.6363636363636364,0.8181818181818182
9jdh20,22,0.5909090909090909,0.8181818181818182
9jdj96,65,0.676923076923077,0.8461538461538461
9jdjbs,39,0.6923076923076923,0.8461538461538461
9jdpba,58,0.6379310344827587,0.8103448275862069
9jdu8x,218,0.6559633027522935,0.8211009174311926
9jduuz,107,0.5887850467289719,0.8130841121495327
9jdxuy,41,0.6097560975609756,0.8292682926829268
9je1x5,48,0.625,0.8333333333333334
9je2hm,71,0.6197183098591549,0.7887323943661971
9je3hk,531,0.591337099811676,0.7947269303201506
9je6af,59,0.6271186440677966,0.8135593220338984
9je7e9,23,0.7391304347826086,0.8695652173913043
9je8xi,24,0.75,0.875
9jeb2l,40,0.65,0.8
9jecph,21,0.6190476190476191,0.8095238095238095
9jeec7,22,0.6818181818181818,0.8636363636363636
9jeh12,23,0.6956521739130435,0.8695652173913043
9jemx2,180,0.6277777777777778,0.8111111111111111
9jen92,22,0.6818181818181818,0.8636363636363636
9jeqq6,25,0.64,0.84
9jew7h,96,0.6145833333333334,0.8020833333333334
9jexfy,36,0.6388888888888888,0.8055555555555556
9jf6sh,295,0.5491525423728814,0.7491525423728813
9jf7il,39,0.5641025641025641,0.7692307692307693
9jf8hs,22,0.6818181818181818,0.8636363636363636
9jfa2x,70,0.6571428571428571,0.8428571428571429
9jfa9a,29,0.5172413793103449,0.7241379310344828
9jfd2x,50,0.66,0.82
9jfdir,77,0.5584415584415584,0.7662337662337663
9jfe1x,22,0.6363636363636364,0.8181818181818182
9jfhw6,21,0.5238095238095238,0.7619047619047619
9jfkyb,86,0.627906976744186,0.8023255813953488
9jfmxg,52,0.5192307692307693,0.7692307692307693
9jfsl7,90,0.5888888888888889,0.8
9jfz11,40,0.7,0.85
9jfz5v,23,0.6956521739130435,0.8260869565217391
9jg4ff,20,0.55,0.75
9jg783,28,0.6071428571428571,0.8214285714285714
9jg8pu,106,0.5188679245283019,0.7641509433962265
9jgaog,153,0.5751633986928104,0.7843137254901961
9jgapk,47,0.6170212765957447,0.7872340425531915
9jgaps,20,0.65,0.9
9jgfxt,24,0.5833333333333334,0.75
9jgm65,56,0.6785714285714286,0.8392857142857143
9jgr31,979,0.5342185903983657,0.7609805924412666
9jguwl,34,0.6470588235294118,0.8235294117647058
9jh7ri,50,0.72,0.86
9jhb7k,34,0.7058823529411765,0.8529411764705882
9jhd37,34,0.6176470588235294,0.8235294117647058
9jhdz4,156,0.5512820512820513,0.7692307692307693
9jhfm1,96,0.6666666666666666,0.8333333333333334
9jhjgw,22,0.5,0.7727272727272727
9jhmdy,51,0.6862745098039216,0.8627450980392157
9jhn2j,32,0.6875,0.84375
9jhrth,21,0.7142857142857143,0.8571428571428571
9jhs0g,28,0.4642857142857143,0.75
9jhvsw,26,0.7307692307692307,0.8846153846153846
9jhywf,31,0.6451612903225806,0.8387096774193549
9jhz60,23,0.7391304347826086,0.8695652173913043
9ji0es,22,0.7272727272727273,0.8636363636363636
9ji1y2,23,0.6521739130434783,0.8260869565217391
9ji2yn,29,0.6896551724137931,0.8620689655172413
9ji4t4,20,0.7,0.85
9ji4ug,51,0.6274509803921569,0.803921568627451
9ji73y,22,0.6818181818181818,0.8181818181818182
9ji7xe,27,0.6666666666666666,0.8518518518518519
9jihxn,43,0.6744186046511628,0.8604651162790697
9jit5y,122,0.5409836065573771,0.7868852459016393
9jj3i7,27,0.6666666666666666,0.8148148148148148
9jj57j,22,0.7272727272727273,0.8181818181818182
9jj5tq,20,0.65,0.85
9jj7z1,75,0.6533333333333333,0.8133333333333334
9jj8qj,21,0.6666666666666666,0.8571428571428571
9jjdcb,49,0.6530612244897959,0.8163265306122449
9jjfcj,92,0.6413043478260869,0.8260869565217391
9jjmjq,49,0.6326530612244898,0.8163265306122449
9jjo7o,25,0.64,0.8
9jjpkm,89,0.6629213483146067,0.8314606741573034
9jjqaa,355,0.5915492957746479,0.7830985915492957
9jjs76,55,0.6545454545454545,0.8181818181818182
9jjxil,25,0.64,0.84
9jk27l,81,0.6049382716049383,0.8148148148148148
9jk4gl,96,0.6354166666666666,0.8125
9jka5q,383,0.6057441253263708,0.7963446475195822
9jklnp,23,0.6086956521739131,0.782608695652174
9jkndp,23,0.5217391304347826,0.7391304347826086
9jkp11,112,0.6339285714285714,0.8035714285714286
9jkq2x,60,0.5833333333333334,0.8166666666666667
9jksjq,37,0.6216216216216216,0.8108108108108109
9jktjr,230,0.5434782608695652,0.7695652173913043
9jkv4s,34,0.5882352941176471,0.7647058823529411
9jkyou,20,0.7,0.9
9jlaj7,57,0.7017543859649122,0.8421052631578947
9jlf4c,28,0.6428571428571429,0.7857142857142857
9jlqi0,29,0.6896551724137931,0.8275862068965517
9jlqqv,25,0.6,0.8
9jlw2g,202,0.6336633663366337,0.8168316831683168
9jlxcb,29,0.6551724137931034,0.8275862068965517
9jm0ap,45,0.6666666666666666,0.8
9jm0fs,33,0.6666666666666666,0.8787878787878788
9jm3p4,61,0.6065573770491803,0.819672131147541
9jm5am,27,0.6666666666666666,0.8148148148148148
9jm8x4,23,0.6956521739130435,0.8260869565217391
9jmbt2,57,0.6666666666666666,0.8245614035087719
9jmdlv,44,0.5909090909090909,0.7954545454545454
9jmdr6,33,0.6666666666666666,0.8181818181818182
9jmdvl,476,0.5189075630252101,0.7605042016806722
9jmg3j,28,0.75,0.8571428571428571
9jmioy,21,0.6666666666666666,0.8571428571428571
9jmip3,26,0.6153846153846154,0.8461538461538461
9jmiqb,21,0.6190476190476191,0.8095238095238095
9jmj14,38,0.6578947368421053,0.8421052631578947
9jmldo,23,0.4782608695652174,0.782608695652174
9jmlv1,26,0.7307692307692307,0.8461538461538461
9jmmdn,25,0.64,0.84
9jmndf,28,0.6785714285714286,0.8571428571428571
9jmnhl,28,0.5714285714285714,0.7857142857142857
9jmoqn,23,0.6521739130434783,0.8695652173913043
9jmz46,48,0.6458333333333334,0.8333333333333334
9jn0ns,23,0.6521739130434783,0.8260869565217391
9jn3uu,37,0.5405405405405406,0.7567567567567568
9jn6jb,20,0.6,0.85
9jn81d,35,0.5714285714285714,0.7714285714285715
9jn854,32,0.59375,0.75
9jn8j3,59,0.5932203389830508,0.7627118644067796
9jngax,59,0.6440677966101694,0.8305084745762712
9jni73,85,0.6470588235294118,0.8352941176470589
9jnjjs,23,0.6521739130434783,0.782608695652174
9jnphl,24,0.7083333333333334,0.875
9jnqsh,31,0.5806451612903226,0.8064516129032258
9jntbz,28,0.6785714285714286,0.8214285714285714
9jnx7r,28,0.6071428571428571,0.8214285714285714
9jny7m,30,0.5333333333333333,0.7666666666666667
9jo33a,30,0.7,0.8666666666666667
9jo3av,29,0.6551724137931034,0.8620689655172413
9jo5k2,45,0.6666666666666666,0.8222222222222222
9jo5t2,28,0.6071428571428571,0.7857142857142857
9jo7gq,57,0.5789473684210527,0.7894736842105263
9jo90b,24,0.7083333333333334,0.8333333333333334
9joecr,81,0.5925925925925926,0.7901234567901234
9jojpp,36,0.6111111111111112,0.8611111111111112
9jonjc,33,0.7272727272727273,0.8484848484848485
9jooro,20,0.7,0.85
9jorgm,25,0.76,0.88
9jot06,32,0.6875,0.875
9jovyf,23,0.6956521739130435,0.8260869565217391
9jp0wa,20,0.6,0.8
9jp1q5,39,0.4358974358974359,0.6666666666666666
9jp44x,23,0.6086956521739131,0.8260869565217391
9jp7tm,68,0.6176470588235294,0.8235294117647058
9jpawn,20,0.75,0.85
9jpk4j,37,0.6486486486486487,0.8378378378378378
9jpkjz,28,0.6428571428571429,0.8214285714285714
9jplis,67,0.6567164179104478,0.835820895522388
9jpqvw,40,0.65,0.85
9jpu9n,97,0.6288659793814433,0.8144329896907216
9jpv75,30,0.6333333333333333,0.8
9jpw85,178,0.6067415730337079,0.8033707865168539
9jqcnx,27,0.6296296296296297,0.8518518518518519
9jqihg,28,0.7142857142857143,0.8214285714285714
9jqs6r,42,0.5714285714285714,0.7380952380952381
9jqsdp,45,0.6666666666666666,0.8222222222222222
9jr1e7,53,0.660377358490566,0.8113207547169812
9jr8u0,41,0.6585365853658537,0.8292682926829268
9jr9y9,27,0.6666666666666666,0.8518518518518519
9jra8r,26,0.6923076923076923,0.8846153846153846
9jrb4y,62,0.7096774193548387,0.8548387096774194
9jrozq,23,0.6956521739130435,0.8695652173913043
9jrwex,31,0.6129032258064516,0.8064516129032258
9jrxl7,143,0.6713286713286714,0.8251748251748252
9jryxr,23,0.6521739130434783,0.8260869565217391
9js10q,21,0.7142857142857143,0.8095238095238095
9js2im,58,0.6379310344827587,0.8103448275862069
9js4bp,54,0.6481481481481481,0.8148148148148148
9jsau0,565,0.5787610619469027,0.7823008849557522
9jsaw9,325,0.6092307692307692,0.803076923076923
9jsc7z,22,0.6818181818181818,0.8636363636363636
9jsmfe,25,0.64,0.8
9jsnrd,45,0.6,0.8
9jsqb3,53,0.5283018867924528,0.7358490566037735
9jt58n,43,0.6744186046511628,0.813953488372093
9jt9f9,20,0.6,0.75
9jt9tb,22,0.6818181818181818,0.8181818181818182
9jtcm1,104,0.6346153846153846,0.8076923076923077
9jtdy4,51,0.6470588235294118,0.8235294117647058
9jtnaw,38,0.5789473684210527,0.8157894736842105
9jtoih,37,0.6216216216216216,0.8108108108108109
9jtunu,22,0.5909090909090909,0.8636363636363636
9jtv8a,23,0.6521739130434783,0.8260869565217391
9ju6jz,20,0.65,0.85
9ju80p,29,0.7586206896551724,0.8620689655172413
9juh6f,131,0.648854961832061,0.8320610687022901
9juone,21,0.7142857142857143,0.8571428571428571
9jupg1,21,0.6666666666666666,0.8095238095238095
9juxnb,36,0.7222222222222222,0.8611111111111112
9jv1v9,58,0.6206896551724138,0.8103448275862069
9jv50o,27,0.5925925925925926,0.7777777777777778
9jv6hs,124,0.5806451612903226,0.7903225806451613
9jv8u7,84,0.6309523809523809,0.8095238095238095
9jvdnx,24,0.6666666666666666,0.875
9jvgg9,42,0.5952380952380952,0.7619047619047619
9jvip1,23,0.7391304347826086,0.8695652173913043
9jvw0u,367,0.6294277929155313,0.8119891008174387
9jvxse,99,0.5757575757575758,0.7878787878787878
9jvyj4,35,0.5714285714285714,0.7428571428571429
9jvzzf,37,0.6486486486486487,0.8108108108108109
9jw3wp,96,0.625,0.8125
9jw4br,22,0.7272727272727273,0.8636363636363636
9jw788,153,0.6405228758169934,0.8169934640522876
9jw7q8,61,0.5573770491803278,0.7868852459016393
9jwbr1,22,0.5909090909090909,0.7727272727272727
9jwlcx,146,0.6301369863013698,0.8082191780821918
9jwo5t,25,0.68,0.84
9jwtuf,30,0.5666666666666667,0.8
9jx0dd,23,0.6086956521739131,0.782608695652174
9jx0kp,22,0.6818181818181818,0.8181818181818182
9jx6ps,23,0.6521739130434783,0.8260869565217391
9jxihl,28,0.6785714285714286,0.8214285714285714
9jxjn6,60,0.6166666666666667,0.8166666666666667
9jxltj,154,0.5714285714285714,0.7727272727272727
9jxtoq,45,0.6888888888888889,0.8444444444444444
9jxuiq,37,0.5675675675675675,0.7567567567567568
9jy03o,21,0.6190476190476191,0.8095238095238095
9jycl5,27,0.6296296296296297,0.8518518518518519
9jyco1,25,0.68,0.84
9jyeyo,28,0.6071428571428571,0.8214285714285714
9jylog,22,0.7272727272727273,0.8636363636363636
9jypuq,22,0.6818181818181818,0.8181818181818182
9jyrcn,38,0.6578947368421053,0.8157894736842105
9jyuzo,31,0.6129032258064516,0.8064516129032258
9jz04o,21,0.7142857142857143,0.8571428571428571
9jz42r,20,0.7,0.85
9jz60t,26,0.6538461538461539,0.8076923076923077
9jz8bb,34,0.6176470588235294,0.8235294117647058
9jza38,23,0.7391304347826086,0.8695652173913043
9jzs1s,20,0.7,0.85
9jzth5,46,0.6086956521739131,0.8478260869565217
9jzua7,70,0.6714285714285714,0.8142857142857143
9jzy3v,24,0.625,0.875
9jzz7i,85,0.6705882352941176,0.8352941176470589
9k0are,24,0.6666666666666666,0.8333333333333334
9k0cnv,32,0.625,0.78125
9k0f31,34,0.6470588235294118,0.7941176470588235
9k0g4u,29,0.6896551724137931,0.8275862068965517
9k0lnf,27,0.5925925925925926,0.8148148148148148
9k0nro,35,0.6857142857142857,0.8285714285714286
9k0ui0,46,0.5869565217391305,0.782608695652174
9k0usd,39,0.5641025641025641,0.7692307692307693
9k0wcw,29,0.6896551724137931,0.8275862068965517
9k0ze9,23,0.6956521739130435,0.8695652173913043
9k0zo6,39,0.717948717948718,0.8461538461538461
9k1gt1,26,0.6923076923076923,0.8461538461538461
9k1i4h,21,0.6666666666666666,0.8095238095238095
9k1j6h,22,0.7272727272727273,0.8181818181818182
9k1mdp,36,0.6666666666666666,0.7777777777777778
9k1sh8,35,0.6,0.8
9k1tgg,29,0.5517241379310345,0.7931034482758621
9k1ydy,1083,0.5327793167128347,0.7553093259464451
9k288v,26,0.6538461538461539,0.8076923076923077
9k2dhk,25,0.72,0.84
9k2l0n,37,0.7027027027027027,0.8648648648648649
9k2maa,29,0.6206896551724138,0.7931034482758621
9k2pah,45,0.7111111111111111,0.8
9k2pp5,47,0.6382978723404256,0.8085106382978723
9k2sho,20,0.7,0.85
9k2u6b,31,0.6451612903225806,0.8387096774193549
9k32pu,24,0.6666666666666666,0.7916666666666666
9k3alx,56,0.6607142857142857,0.8392857142857143
9k3fds,48,0.6458333333333334,0.8333333333333334
9k3gha,21,0.5714285714285714,0.8095238095238095
9k3gp2,169,0.6272189349112426,0.8165680473372781
9k3jbf,193,0.6217616580310881,0.8031088082901554
9k4cgk,25,0.68,0.84
9k4e00,25,0.68,0.84
9k4ekx,26,0.6153846153846154,0.7307692307692307
9k4th1,21,0.7142857142857143,0.9047619047619048
9k557s,28,0.6428571428571429,0.8214285714285714
9k575o,21,0.6190476190476191,0.8095238095238095
9k59g7,26,0.6923076923076923,0.8846153846153846
9k5lj5,264,0.6325757575757576,0.7916666666666666
9k5nz3,21,0.7142857142857143,0.8571428571428571
9k5plq,47,0.46808510638297873,0.723404255319149
9k5qs8,128,0.609375,0.796875
9k5rqs,26,0.6538461538461539,0.8461538461538461
9k5s2y,37,0.6486486486486487,0.8108108108108109
9k5u0v,22,0.5909090909090909,0.8181818181818182
9k5wbp,32,0.6875,0.84375
9k5wor,39,0.6410256410256411,0.8205128205128205
9k5x2c,41,0.6341463414634146,0.8292682926829268
9k5yys,32,0.65625,0.8125
9k5zh9,38,0.631578947368421,0.8421052631578947
9k60d0,20,0.6,0.9
9k67o8,140,0.5571428571428572,0.7642857142857142
9k6c09,36,0.6666666666666666,0.8333333333333334
9k6nxz,31,0.6774193548387096,0.8064516129032258
9k6o9c,30,0.6333333333333333,0.8
9k6s8r,21,0.7619047619047619,0.9047619047619048
9k6whd,24,0.6666666666666666,0.7916666666666666
9k6yz1,66,0.5757575757575758,0.803030303030303
9k70qx,20,0.55,0.75
9k729o,40,0.675,0.825
9k78xm,93,0.6129032258064516,0.8172043010752689
9k7c0t,25,0.64,0.84
9k7cqc,30,0.7,0.8333333333333334
9k7g84,96,0.6145833333333334,0.84375
9k83m9,49,0.6530612244897959,0.8367346938775511
9k87ng,95,0.5789473684210527,0.7789473684210526
9k8bww,43,0.6511627906976745,0.8372093023255814
9k8dbz,22,0.45454545454545453,0.6818181818181818
9k8wf7,28,0.6071428571428571,0.8214285714285714
9k9iew,29,0.5517241379310345,0.7586206896551724
9k9kq0,49,0.6326530612244898,0.8367346938775511
9ka5sk,45,0.6444444444444445,0.8
